,FILTER,EXP-TIME,DATE-OBS,XBINNING,IMAGE-NAME
0,R,100.0,2019-12-02T00:46:25,2,22322_100s_b2x2-001_R.fit
1,V,100.0,2019-12-02T00:48:13,2,22322_100s_b2x2-001_V.fit
2,R,100.0,2019-12-02T00:49:56,2,22322_100s_b2x2-002_R.fit
3,V,100.0,2019-12-02T00:51:43,2,22322_100s_b2x2-002_V.fit
4,R,100.0,2019-12-02T00:53:26,2,22322_100s_b2x2-003_R.fit
5,R,100.0,2019-12-02T00:56:45,2,22322_100s_b2x2-004_R.fit
6,V,100.0,2019-12-02T00:58:33,2,22322_100s_b2x2-004_V.fit
7,R,100.0,2019-12-02T01:00:16,2,22322_100s_b2x2-005_R.fit
8,V,100.0,2019-12-02T01:02:03,2,22322_100s_b2x2-005_V.fit
9,R,100.0,2019-12-02T01:03:46,2,22322_100s_b2x2-006_R.fit
10,V,100.0,2019-12-02T01:05:34,2,22322_100s_b2x2-006_V.fit
11,R,100.0,2019-12-02T01:07:17,2,22322_100s_b2x2-007_R.fit
12,V,100.0,2019-12-02T01:09:04,2,22322_100s_b2x2-007_V.fit
13,g,150.0,2019-12-02T07:10:10,2,2IBorisov_150s_b2x2-001_g.fit
14,r,150.0,2019-12-02T07:12:56,2,2IBorisov_150s_b2x2-001_r.fit
15,g,300.0,2019-12-02T07:19:12,2,2IBorisov_300s_b2x2-001_g.fit
16,i,300.0,2019-12-02T07:29:43,2,2IBorisov_300s_b2x2-001_i.fit
17,r,300.0,2019-12-02T07:24:27,2,2IBorisov_300s_b2x2-001_r.fit
18,g,80.0,2019-12-02T07:00:43,2,2IBorisov_b2x2-001_g.fit
19,g,60.0,2019-12-02T01:26:08,2,728_60s_b2x2-001_g.fit
20,i,60.0,2019-12-02T01:28:37,2,728_60s_b2x2-001_i.fit
21,r,60.0,2019-12-02T01:27:23,2,728_60s_b2x2-001_r.fit
22,z,60.0,2019-12-02T01:29:52,2,728_60s_b2x2-001_z.fit
23,g,60.0,2019-12-02T01:31:29,2,728_60s_b2x2-002_g.fit
24,i,60.0,2019-12-02T01:33:57,2,728_60s_b2x2-002_i.fit
25,r,60.0,2019-12-02T01:32:42,2,728_60s_b2x2-002_r.fit
26,z,60.0,2019-12-02T01:35:11,2,728_60s_b2x2-002_z.fit
27,g,60.0,2019-12-02T01:36:24,2,728_60s_b2x2-003_g.fit
28,i,60.0,2019-12-02T01:38:54,2,728_60s_b2x2-003_i.fit
29,r,60.0,2019-12-02T01:37:39,2,728_60s_b2x2-003_r.fit
30,z,60.0,2019-12-02T01:40:08,2,728_60s_b2x2-003_z.fit
31,g,60.0,2019-12-02T01:41:23,2,728_60s_b2x2-004_g.fit
32,i,60.0,2019-12-02T01:43:52,2,728_60s_b2x2-004_i.fit
33,r,60.0,2019-12-02T01:42:38,2,728_60s_b2x2-004_r.fit
34,z,60.0,2019-12-02T01:45:07,2,728_60s_b2x2-004_z.fit
35,g,60.0,2019-12-02T01:46:22,2,728_60s_b2x2-005_g.fit
36,i,60.0,2019-12-02T01:48:51,2,728_60s_b2x2-005_i.fit
37,r,60.0,2019-12-02T01:47:36,2,728_60s_b2x2-005_r.fit
38,z,60.0,2019-12-02T01:50:05,2,728_60s_b2x2-005_z.fit
39,g,60.0,2019-12-02T02:00:50,2,728_60s_b2x2-006_g.fit
40,i,60.0,2019-12-02T02:03:19,2,728_60s_b2x2-006_i.fit
41,r,60.0,2019-12-02T02:02:05,2,728_60s_b2x2-006_r.fit
42,z,60.0,2019-12-02T02:04:34,2,728_60s_b2x2-006_z.fit
43,g,60.0,2019-12-02T02:06:52,2,728_60s_b2x2-007_g.fit
44,i,60.0,2019-12-02T02:09:21,2,728_60s_b2x2-007_i.fit
45,r,60.0,2019-12-02T02:08:06,2,728_60s_b2x2-007_r.fit
46,z,60.0,2019-12-02T02:10:36,2,728_60s_b2x2-007_z.fit
47,g,60.0,2019-12-02T02:11:50,2,728_60s_b2x2-008_g.fit
48,i,60.0,2019-12-02T02:14:20,2,728_60s_b2x2-008_i.fit
49,r,60.0,2019-12-02T02:13:05,2,728_60s_b2x2-008_r.fit
50,z,60.0,2019-12-02T02:15:35,2,728_60s_b2x2-008_z.fit
51,g,60.0,2019-12-02T02:16:50,2,728_60s_b2x2-009_g.fit
52,i,60.0,2019-12-02T02:19:21,2,728_60s_b2x2-009_i.fit
53,r,60.0,2019-12-02T02:18:05,2,728_60s_b2x2-009_r.fit
54,z,60.0,2019-12-02T02:20:35,2,728_60s_b2x2-009_z.fit
55,g,60.0,2019-12-02T02:21:50,2,728_60s_b2x2-010_g.fit
56,i,60.0,2019-12-02T02:24:19,2,728_60s_b2x2-010_i.fit
57,r,60.0,2019-12-02T02:23:04,2,728_60s_b2x2-010_r.fit
58,z,60.0,2019-12-02T02:25:35,2,728_60s_b2x2-010_z.fit
59,g,60.0,2019-12-02T02:26:56,2,728_60s_b2x2-011_g.fit
60,i,60.0,2019-12-02T02:29:27,2,728_60s_b2x2-011_i.fit
61,r,60.0,2019-12-02T02:28:11,2,728_60s_b2x2-011_r.fit
62,z,60.0,2019-12-02T02:30:42,2,728_60s_b2x2-011_z.fit
63,g,60.0,2019-12-02T02:31:56,2,728_60s_b2x2-012_g.fit
64,i,60.0,2019-12-02T02:34:26,2,728_60s_b2x2-012_i.fit
65,r,60.0,2019-12-02T02:33:11,2,728_60s_b2x2-012_r.fit
66,z,60.0,2019-12-02T02:35:41,2,728_60s_b2x2-012_z.fit
67,g,60.0,2019-12-02T02:36:56,2,728_60s_b2x2-013_g.fit
68,i,60.0,2019-12-02T02:39:26,2,728_60s_b2x2-013_i.fit
69,r,60.0,2019-12-02T02:38:12,2,728_60s_b2x2-013_r.fit
70,z,60.0,2019-12-02T02:40:41,2,728_60s_b2x2-013_z.fit
71,g,60.0,2019-12-02T02:41:56,2,728_60s_b2x2-014_g.fit
72,i,60.0,2019-12-02T02:44:26,2,728_60s_b2x2-014_i.fit
73,r,60.0,2019-12-02T02:43:11,2,728_60s_b2x2-014_r.fit
74,z,60.0,2019-12-02T02:45:41,2,728_60s_b2x2-014_z.fit
75,g,60.0,2019-12-02T02:47:34,2,728_60s_b2x2-015_g.fit
76,i,60.0,2019-12-02T02:50:04,2,728_60s_b2x2-015_i.fit
77,r,60.0,2019-12-02T02:48:50,2,728_60s_b2x2-015_r.fit
78,z,60.0,2019-12-02T02:51:19,2,728_60s_b2x2-015_z.fit
79,g,60.0,2019-12-02T02:52:35,2,728_60s_b2x2-016_g.fit
80,i,60.0,2019-12-02T02:55:04,2,728_60s_b2x2-016_i.fit
81,r,60.0,2019-12-02T02:53:49,2,728_60s_b2x2-016_r.fit
82,z,60.0,2019-12-02T02:56:19,2,728_60s_b2x2-016_z.fit
83,g,60.0,2019-12-02T03:02:14,2,728_60s_b2x2-017_g.fit
84,i,60.0,2019-12-02T03:04:44,2,728_60s_b2x2-017_i.fit
85,r,60.0,2019-12-02T03:03:28,2,728_60s_b2x2-017_r.fit
86,z,60.0,2019-12-02T03:05:58,2,728_60s_b2x2-017_z.fit
87,g,60.0,2019-12-02T03:07:46,2,728_60s_b2x2-018_g.fit
88,i,60.0,2019-12-02T03:10:16,2,728_60s_b2x2-018_i.fit
89,r,60.0,2019-12-02T03:09:00,2,728_60s_b2x2-018_r.fit
90,z,60.0,2019-12-02T03:11:30,2,728_60s_b2x2-018_z.fit
91,g,60.0,2019-12-02T03:43:42,2,728_60s_b2x2-019_g.fit
92,i,60.0,2019-12-02T03:46:12,2,728_60s_b2x2-019_i.fit
93,r,60.0,2019-12-02T03:44:56,2,728_60s_b2x2-019_r.fit
94,z,60.0,2019-12-02T03:47:28,2,728_60s_b2x2-019_z.fit
95,g,60.0,2019-12-02T03:48:43,2,728_60s_b2x2-020_g.fit
96,i,60.0,2019-12-02T03:51:14,2,728_60s_b2x2-020_i.fit
97,r,60.0,2019-12-02T03:49:57,2,728_60s_b2x2-020_r.fit
98,z,60.0,2019-12-02T03:52:30,2,728_60s_b2x2-020_z.fit
99,g,60.0,2019-12-02T03:54:18,2,728_60s_b2x2-021_g.fit
100,i,60.0,2019-12-02T03:56:47,2,728_60s_b2x2-021_i.fit
101,r,60.0,2019-12-02T03:55:33,2,728_60s_b2x2-021_r.fit
102,z,60.0,2019-12-02T03:58:03,2,728_60s_b2x2-021_z.fit
103,g,60.0,2019-12-02T03:59:19,2,728_60s_b2x2-022_g.fit
104,i,60.0,2019-12-02T04:01:50,2,728_60s_b2x2-022_i.fit
105,r,60.0,2019-12-02T04:00:34,2,728_60s_b2x2-022_r.fit
106,z,60.0,2019-12-02T04:03:06,2,728_60s_b2x2-022_z.fit
107,g,60.0,2019-12-02T04:04:22,2,728_60s_b2x2-023_g.fit
108,i,60.0,2019-12-02T04:06:54,2,728_60s_b2x2-023_i.fit
109,r,60.0,2019-12-02T04:05:38,2,728_60s_b2x2-023_r.fit
110,z,60.0,2019-12-02T04:08:10,2,728_60s_b2x2-023_z.fit
111,g,60.0,2019-12-02T04:09:24,2,728_60s_b2x2-024_g.fit
112,i,60.0,2019-12-02T04:12:00,2,728_60s_b2x2-024_i.fit
113,r,60.0,2019-12-02T04:10:40,2,728_60s_b2x2-024_r.fit
114,z,60.0,2019-12-02T04:13:14,2,728_60s_b2x2-024_z.fit
115,g,60.0,2019-12-02T04:31:50,2,728_60s_b2x2-025_g.fit
116,i,60.0,2019-12-02T04:34:20,2,728_60s_b2x2-025_i.fit
117,r,60.0,2019-12-02T04:33:04,2,728_60s_b2x2-025_r.fit
118,z,60.0,2019-12-02T04:35:35,2,728_60s_b2x2-025_z.fit
119,g,60.0,2019-12-02T04:36:51,2,728_60s_b2x2-026_g.fit
120,i,60.0,2019-12-02T04:39:20,2,728_60s_b2x2-026_i.fit
121,r,60.0,2019-12-02T04:38:06,2,728_60s_b2x2-026_r.fit
122,z,60.0,2019-12-02T04:40:35,2,728_60s_b2x2-026_z.fit
123,g,60.0,2019-12-02T04:41:49,2,728_60s_b2x2-027_g.fit
124,i,60.0,2019-12-02T04:44:20,2,728_60s_b2x2-027_i.fit
125,r,60.0,2019-12-02T04:43:04,2,728_60s_b2x2-027_r.fit
126,z,60.0,2019-12-02T04:45:34,2,728_60s_b2x2-027_z.fit
127,g,60.0,2019-12-02T04:46:50,2,728_60s_b2x2-028_g.fit
128,i,60.0,2019-12-02T04:49:22,2,728_60s_b2x2-028_i.fit
129,r,60.0,2019-12-02T04:48:06,2,728_60s_b2x2-028_r.fit
130,z,60.0,2019-12-02T04:50:36,2,728_60s_b2x2-028_z.fit
131,g,60.0,2019-12-02T04:57:31,2,728_60s_b2x2-029_g.fit
132,i,60.0,2019-12-02T05:00:01,2,728_60s_b2x2-029_i.fit
133,r,60.0,2019-12-02T04:58:47,2,728_60s_b2x2-029_r.fit
134,z,60.0,2019-12-02T05:01:17,2,728_60s_b2x2-029_z.fit
135,g,60.0,2019-12-02T05:02:32,2,728_60s_b2x2-030_g.fit
136,i,60.0,2019-12-02T05:05:02,2,728_60s_b2x2-030_i.fit
137,r,60.0,2019-12-02T05:03:46,2,728_60s_b2x2-030_r.fit
138,z,60.0,2019-12-02T05:06:17,2,728_60s_b2x2-030_z.fit
139,g,60.0,2019-12-02T05:07:31,2,728_60s_b2x2-031_g.fit
140,i,60.0,2019-12-02T05:10:02,2,728_60s_b2x2-031_i.fit
141,r,60.0,2019-12-02T05:08:47,2,728_60s_b2x2-031_r.fit
142,z,60.0,2019-12-02T05:11:17,2,728_60s_b2x2-031_z.fit
143,g,60.0,2019-12-02T05:12:56,2,728_60s_b2x2-032_g.fit
144,i,60.0,2019-12-02T05:15:27,2,728_60s_b2x2-032_i.fit
145,r,60.0,2019-12-02T05:14:12,2,728_60s_b2x2-032_r.fit
146,z,60.0,2019-12-02T05:16:41,2,728_60s_b2x2-032_z.fit
147,g,60.0,2019-12-02T05:17:57,2,728_60s_b2x2-033_g.fit
148,i,60.0,2019-12-02T05:20:26,2,728_60s_b2x2-033_i.fit
149,r,60.0,2019-12-02T05:19:12,2,728_60s_b2x2-033_r.fit
150,z,60.0,2019-12-02T05:21:41,2,728_60s_b2x2-033_z.fit
151,g,60.0,2019-12-02T05:35:37,2,728_60s_b2x2-034_g.fit
152,i,60.0,2019-12-02T05:38:07,2,728_60s_b2x2-034_i.fit
153,r,60.0,2019-12-02T05:36:52,2,728_60s_b2x2-034_r.fit
154,z,60.0,2019-12-02T05:39:21,2,728_60s_b2x2-034_z.fit
155,g,60.0,2019-12-02T05:40:36,2,728_60s_b2x2-035_g.fit
156,i,60.0,2019-12-02T05:43:05,2,728_60s_b2x2-035_i.fit
157,r,60.0,2019-12-02T05:41:51,2,728_60s_b2x2-035_r.fit
158,z,60.0,2019-12-02T05:44:20,2,728_60s_b2x2-035_z.fit
159,g,60.0,2019-12-02T05:45:35,2,728_60s_b2x2-036_g.fit
160,i,60.0,2019-12-02T05:48:04,2,728_60s_b2x2-036_i.fit
161,r,60.0,2019-12-02T05:46:49,2,728_60s_b2x2-036_r.fit
162,z,60.0,2019-12-02T05:49:19,2,728_60s_b2x2-036_z.fit
163,g,60.0,2019-12-02T05:50:33,2,728_60s_b2x2-037_g.fit
164,i,60.0,2019-12-02T05:53:04,2,728_60s_b2x2-037_i.fit
165,r,60.0,2019-12-02T05:51:48,2,728_60s_b2x2-037_r.fit
166,z,60.0,2019-12-02T05:54:18,2,728_60s_b2x2-037_z.fit
167,R,5.0,2019-12-02T01:14:05,2,S_PG2349+002_5s_b2x2-001_R.fit
168,V,5.0,2019-12-02T01:14:18,2,S_PG2349+002_5s_b2x2-001_V.fit
169,R,5.0,2019-12-02T01:14:26,2,S_PG2349+002_5s_b2x2-002_R.fit
170,V,5.0,2019-12-02T01:14:38,2,S_PG2349+002_5s_b2x2-002_V.fit
171,R,5.0,2019-12-02T01:14:46,2,S_PG2349+002_5s_b2x2-003_R.fit
172,V,5.0,2019-12-02T01:14:59,2,S_PG2349+002_5s_b2x2-003_V.fit
173,R,5.0,2019-12-02T01:15:07,2,S_PG2349+002_5s_b2x2-004_R.fit
174,V,5.0,2019-12-02T01:15:19,2,S_PG2349+002_5s_b2x2-004_V.fit
175,R,5.0,2019-12-02T01:56:08,2,S_PG2349+002_5s_b2x2-005_R.fit
176,V,5.0,2019-12-02T01:56:21,2,S_PG2349+002_5s_b2x2-005_V.fit
177,R,5.0,2019-12-02T01:56:29,2,S_PG2349+002_5s_b2x2-006_R.fit
178,V,5.0,2019-12-02T01:56:41,2,S_PG2349+002_5s_b2x2-006_V.fit
179,R,5.0,2019-12-02T01:56:49,2,S_PG2349+002_5s_b2x2-007_R.fit
180,V,5.0,2019-12-02T01:57:02,2,S_PG2349+002_5s_b2x2-007_V.fit
181,R,5.0,2019-12-02T01:57:10,2,S_PG2349+002_5s_b2x2-008_R.fit
182,V,5.0,2019-12-02T01:57:22,2,S_PG2349+002_5s_b2x2-008_V.fit
183,R,5.0,2019-12-02T00:17:25,2,S_PG2349+002s_b2x2-001_R.fit
184,V,5.0,2019-12-02T00:17:38,2,S_PG2349+002s_b2x2-001_V.fit
185,R,5.0,2019-12-02T00:17:46,2,S_PG2349+002s_b2x2-002_R.fit
186,V,5.0,2019-12-02T00:17:58,2,S_PG2349+002s_b2x2-002_V.fit
187,R,5.0,2019-12-02T00:18:06,2,S_PG2349+002s_b2x2-003_R.fit
188,V,5.0,2019-12-02T00:18:19,2,S_PG2349+002s_b2x2-003_V.fit
189,R,5.0,2019-12-02T00:18:27,2,S_PG2349+002s_b2x2-004_R.fit
190,V,5.0,2019-12-02T00:18:39,2,S_PG2349+002s_b2x2-004_V.fit
191,g,5.0,2019-12-02T03:28:43,2,S_SA95236_5s_b2x2-001_g.fit
192,i,5.0,2019-12-02T03:29:23,2,S_SA95236_5s_b2x2-001_i.fit
193,r,5.0,2019-12-02T03:29:04,2,S_SA95236_5s_b2x2-001_r.fit
194,z,5.0,2019-12-02T03:29:44,2,S_SA95236_5s_b2x2-001_z.fit
195,g,5.0,2019-12-02T03:30:03,2,S_SA95236_5s_b2x2-002_g.fit
196,g,5.0,2019-12-02T03:37:16,2,S_SA95236_5s_b2x2-003_g.fit
197,i,5.0,2019-12-02T03:37:56,2,S_SA95236_5s_b2x2-003_i.fit
198,r,5.0,2019-12-02T03:37:37,2,S_SA95236_5s_b2x2-003_r.fit
199,z,5.0,2019-12-02T03:38:17,2,S_SA95236_5s_b2x2-003_z.fit
200,g,5.0,2019-12-02T03:38:36,2,S_SA95236_5s_b2x2-004_g.fit
201,i,5.0,2019-12-02T03:39:15,2,S_SA95236_5s_b2x2-004_i.fit
202,r,5.0,2019-12-02T03:38:56,2,S_SA95236_5s_b2x2-004_r.fit
203,z,5.0,2019-12-02T03:39:35,2,S_SA95236_5s_b2x2-004_z.fit
204,g,5.0,2019-12-02T04:19:05,2,S_SA95236_5s_b2x2-005_g.fit
205,i,5.0,2019-12-02T04:19:44,2,S_SA95236_5s_b2x2-005_i.fit
206,r,5.0,2019-12-02T04:19:24,2,S_SA95236_5s_b2x2-005_r.fit
207,z,5.0,2019-12-02T04:20:03,2,S_SA95236_5s_b2x2-005_z.fit
208,g,5.0,2019-12-02T04:23:32,2,S_SA95236_5s_b2x2-006_g.fit
209,i,5.0,2019-12-02T04:24:11,2,S_SA95236_5s_b2x2-006_i.fit
210,r,5.0,2019-12-02T04:23:51,2,S_SA95236_5s_b2x2-006_r.fit
211,z,5.0,2019-12-02T04:24:31,2,S_SA95236_5s_b2x2-006_z.fit
212,g,5.0,2019-12-02T04:24:50,2,S_SA95236_5s_b2x2-007_g.fit
213,i,5.0,2019-12-02T04:25:29,2,S_SA95236_5s_b2x2-007_i.fit
214,r,5.0,2019-12-02T04:25:10,2,S_SA95236_5s_b2x2-007_r.fit
215,z,5.0,2019-12-02T04:25:49,2,S_SA95236_5s_b2x2-007_z.fit
216,g,5.0,2019-12-02T04:26:08,2,S_SA95236_5s_b2x2-008_g.fit
217,i,5.0,2019-12-02T04:26:47,2,S_SA95236_5s_b2x2-008_i.fit
218,r,5.0,2019-12-02T04:26:28,2,S_SA95236_5s_b2x2-008_r.fit
219,z,5.0,2019-12-02T04:27:07,2,S_SA95236_5s_b2x2-008_z.fit
220,g,5.0,2019-12-02T04:27:26,2,S_SA95236_5s_b2x2-009_g.fit
221,i,5.0,2019-12-02T04:28:05,2,S_SA95236_5s_b2x2-009_i.fit
222,r,5.0,2019-12-02T04:27:46,2,S_SA95236_5s_b2x2-009_r.fit
223,z,5.0,2019-12-02T04:28:25,2,S_SA95236_5s_b2x2-009_z.fit
224,g,5.0,2019-12-02T05:26:54,2,S_SA95236_5s_b2x2-010_g.fit
225,i,5.0,2019-12-02T05:27:32,2,S_SA95236_5s_b2x2-010_i.fit
226,r,5.0,2019-12-02T05:27:13,2,S_SA95236_5s_b2x2-010_r.fit
227,z,5.0,2019-12-02T05:27:51,2,S_SA95236_5s_b2x2-010_z.fit
228,g,5.0,2019-12-02T05:28:10,2,S_SA95236_5s_b2x2-011_g.fit
229,i,5.0,2019-12-02T05:28:49,2,S_SA95236_5s_b2x2-011_i.fit
230,r,5.0,2019-12-02T05:28:30,2,S_SA95236_5s_b2x2-011_r.fit
231,z,5.0,2019-12-02T05:29:09,2,S_SA95236_5s_b2x2-011_z.fit
232,g,5.0,2019-12-02T05:29:28,2,S_SA95236_5s_b2x2-012_g.fit
233,i,5.0,2019-12-02T05:30:07,2,S_SA95236_5s_b2x2-012_i.fit
234,r,5.0,2019-12-02T05:29:48,2,S_SA95236_5s_b2x2-012_r.fit
235,z,5.0,2019-12-02T05:30:27,2,S_SA95236_5s_b2x2-012_z.fit
236,g,5.0,2019-12-02T05:30:46,2,S_SA95236_5s_b2x2-013_g.fit
237,i,5.0,2019-12-02T05:31:25,2,S_SA95236_5s_b2x2-013_i.fit
238,r,5.0,2019-12-02T05:31:06,2,S_SA95236_5s_b2x2-013_r.fit
239,z,5.0,2019-12-02T05:31:45,2,S_SA95236_5s_b2x2-013_z.fit
0,R,180.0,2019-12-03T04:37:27,2,2001WN5_180s_b2x2-001_R.fit
1,g,60.0,2019-12-03T01:15:13,2,728_60s_b2x2-001_g.fit
2,i,60.0,2019-12-03T01:13:59,2,728_60s_b2x2-001_i.fit
3,r,60.0,2019-12-03T01:11:29,2,728_60s_b2x2-001_r.fit
4,z,60.0,2019-12-03T01:12:44,2,728_60s_b2x2-001_z.fit
5,g,60.0,2019-12-03T01:20:12,2,728_60s_b2x2-002_g.fit
6,i,60.0,2019-12-03T01:18:57,2,728_60s_b2x2-002_i.fit
7,r,60.0,2019-12-03T01:16:28,2,728_60s_b2x2-002_r.fit
8,z,60.0,2019-12-03T01:17:43,2,728_60s_b2x2-002_z.fit
9,g,60.0,2019-12-03T01:25:10,2,728_60s_b2x2-003_g.fit
10,i,60.0,2019-12-03T01:23:55,2,728_60s_b2x2-003_i.fit
11,r,60.0,2019-12-03T01:21:27,2,728_60s_b2x2-003_r.fit
12,z,60.0,2019-12-03T01:22:40,2,728_60s_b2x2-003_z.fit
13,g,60.0,2019-12-03T01:30:08,2,728_60s_b2x2-004_g.fit
14,i,60.0,2019-12-03T01:28:54,2,728_60s_b2x2-004_i.fit
15,r,60.0,2019-12-03T01:26:24,2,728_60s_b2x2-004_r.fit
16,z,60.0,2019-12-03T01:27:39,2,728_60s_b2x2-004_z.fit
17,g,60.0,2019-12-03T01:48:58,2,728_60s_b2x2-005_g.fit
18,i,60.0,2019-12-03T01:47:44,2,728_60s_b2x2-005_i.fit
19,r,60.0,2019-12-03T01:45:14,2,728_60s_b2x2-005_r.fit
20,z,60.0,2019-12-03T01:46:29,2,728_60s_b2x2-005_z.fit
21,g,60.0,2019-12-03T01:53:56,2,728_60s_b2x2-006_g.fit
22,i,60.0,2019-12-03T01:52:41,2,728_60s_b2x2-006_i.fit
23,r,60.0,2019-12-03T01:50:13,2,728_60s_b2x2-006_r.fit
24,z,60.0,2019-12-03T01:51:27,2,728_60s_b2x2-006_z.fit
25,g,60.0,2019-12-03T01:58:55,2,728_60s_b2x2-007_g.fit
26,i,60.0,2019-12-03T01:57:40,2,728_60s_b2x2-007_i.fit
27,r,60.0,2019-12-03T01:55:11,2,728_60s_b2x2-007_r.fit
28,z,60.0,2019-12-03T01:56:25,2,728_60s_b2x2-007_z.fit
29,g,60.0,2019-12-03T02:03:53,2,728_60s_b2x2-008_g.fit
30,i,60.0,2019-12-03T02:02:38,2,728_60s_b2x2-008_i.fit
31,r,60.0,2019-12-03T02:00:09,2,728_60s_b2x2-008_r.fit
32,z,60.0,2019-12-03T02:01:24,2,728_60s_b2x2-008_z.fit
33,g,60.0,2019-12-03T02:09:19,2,728_60s_b2x2-009_g.fit
34,i,60.0,2019-12-03T02:08:04,2,728_60s_b2x2-009_i.fit
35,r,60.0,2019-12-03T02:05:35,2,728_60s_b2x2-009_r.fit
36,z,60.0,2019-12-03T02:06:50,2,728_60s_b2x2-009_z.fit
37,g,60.0,2019-12-03T02:14:18,2,728_60s_b2x2-010_g.fit
38,i,60.0,2019-12-03T02:13:03,2,728_60s_b2x2-010_i.fit
39,r,60.0,2019-12-03T02:10:34,2,728_60s_b2x2-010_r.fit
40,z,60.0,2019-12-03T02:11:49,2,728_60s_b2x2-010_z.fit
41,g,60.0,2019-12-03T02:19:17,2,728_60s_b2x2-011_g.fit
42,i,60.0,2019-12-03T02:18:02,2,728_60s_b2x2-011_i.fit
43,r,60.0,2019-12-03T02:15:32,2,728_60s_b2x2-011_r.fit
44,z,60.0,2019-12-03T02:16:47,2,728_60s_b2x2-011_z.fit
45,g,60.0,2019-12-03T02:24:17,2,728_60s_b2x2-012_g.fit
46,i,60.0,2019-12-03T02:23:02,2,728_60s_b2x2-012_i.fit
47,r,60.0,2019-12-03T02:20:32,2,728_60s_b2x2-012_r.fit
48,z,60.0,2019-12-03T02:21:47,2,728_60s_b2x2-012_z.fit
49,g,60.0,2019-12-03T02:50:04,2,728_60s_b2x2-013_g.fit
50,i,60.0,2019-12-03T02:48:48,2,728_60s_b2x2-013_i.fit
51,r,60.0,2019-12-03T02:46:19,2,728_60s_b2x2-013_r.fit
52,z,60.0,2019-12-03T02:47:33,2,728_60s_b2x2-013_z.fit
53,g,60.0,2019-12-03T02:55:03,2,728_60s_b2x2-014_g.fit
54,i,60.0,2019-12-03T02:53:49,2,728_60s_b2x2-014_i.fit
55,r,60.0,2019-12-03T02:51:18,2,728_60s_b2x2-014_r.fit
56,z,60.0,2019-12-03T02:52:34,2,728_60s_b2x2-014_z.fit
57,g,60.0,2019-12-03T03:00:04,2,728_60s_b2x2-015_g.fit
58,i,60.0,2019-12-03T02:58:48,2,728_60s_b2x2-015_i.fit
59,r,60.0,2019-12-03T02:56:18,2,728_60s_b2x2-015_r.fit
60,z,60.0,2019-12-03T02:57:34,2,728_60s_b2x2-015_z.fit
61,g,60.0,2019-12-03T03:05:04,2,728_60s_b2x2-016_g.fit
62,i,60.0,2019-12-03T03:03:50,2,728_60s_b2x2-016_i.fit
63,r,60.0,2019-12-03T03:01:18,2,728_60s_b2x2-016_r.fit
64,z,60.0,2019-12-03T03:02:34,2,728_60s_b2x2-016_z.fit
65,g,60.0,2019-12-03T03:12:47,2,728_60s_b2x2-017_g.fit
66,i,60.0,2019-12-03T03:11:32,2,728_60s_b2x2-017_i.fit
67,r,60.0,2019-12-03T03:09:02,2,728_60s_b2x2-017_r.fit
68,z,60.0,2019-12-03T03:10:18,2,728_60s_b2x2-017_z.fit
69,g,60.0,2019-12-03T03:17:48,2,728_60s_b2x2-018_g.fit
70,i,60.0,2019-12-03T03:16:34,2,728_60s_b2x2-018_i.fit
71,r,60.0,2019-12-03T03:14:03,2,728_60s_b2x2-018_r.fit
72,z,60.0,2019-12-03T03:15:19,2,728_60s_b2x2-018_z.fit
73,g,60.0,2019-12-03T03:22:49,2,728_60s_b2x2-019_g.fit
74,i,60.0,2019-12-03T03:21:35,2,728_60s_b2x2-019_i.fit
75,r,60.0,2019-12-03T03:19:04,2,728_60s_b2x2-019_r.fit
76,z,60.0,2019-12-03T03:20:20,2,728_60s_b2x2-019_z.fit
77,g,60.0,2019-12-03T03:27:50,2,728_60s_b2x2-020_g.fit
78,i,60.0,2019-12-03T03:26:36,2,728_60s_b2x2-020_i.fit
79,r,60.0,2019-12-03T03:24:04,2,728_60s_b2x2-020_r.fit
80,z,60.0,2019-12-03T03:25:20,2,728_60s_b2x2-020_z.fit
81,g,60.0,2019-12-03T03:49:41,2,728_60s_b2x2-021_g.fit
82,i,60.0,2019-12-03T03:48:27,2,728_60s_b2x2-021_i.fit
83,r,60.0,2019-12-03T03:45:56,2,728_60s_b2x2-021_r.fit
84,z,60.0,2019-12-03T03:47:11,2,728_60s_b2x2-021_z.fit
85,g,60.0,2019-12-03T03:54:43,2,728_60s_b2x2-022_g.fit
86,i,60.0,2019-12-03T03:53:27,2,728_60s_b2x2-022_i.fit
87,r,60.0,2019-12-03T03:50:57,2,728_60s_b2x2-022_r.fit
88,z,60.0,2019-12-03T03:52:13,2,728_60s_b2x2-022_z.fit
89,g,60.0,2019-12-03T03:59:44,2,728_60s_b2x2-023_g.fit
90,i,60.0,2019-12-03T03:58:28,2,728_60s_b2x2-023_i.fit
91,r,60.0,2019-12-03T03:55:59,2,728_60s_b2x2-023_r.fit
92,z,60.0,2019-12-03T03:57:14,2,728_60s_b2x2-023_z.fit
93,g,60.0,2019-12-03T04:04:48,2,728_60s_b2x2-024_g.fit
94,i,60.0,2019-12-03T04:03:34,2,728_60s_b2x2-024_i.fit
95,r,60.0,2019-12-03T04:01:02,2,728_60s_b2x2-024_r.fit
96,z,60.0,2019-12-03T04:02:18,2,728_60s_b2x2-024_z.fit
97,R,30.0,2019-12-02T22:44:35,1,G_1994EQ3_30s_b1x1-001_R.fit
98,R,30.0,2019-12-02T22:45:08,1,G_1994EQ3_30s_b1x1-002_R.fit
99,R,30.0,2019-12-02T22:45:41,1,G_1994EQ3_30s_b1x1-003_R.fit
100,R,30.0,2019-12-02T22:46:13,1,G_1994EQ3_30s_b1x1-004_R.fit
101,R,30.0,2019-12-02T22:46:46,1,G_1994EQ3_30s_b1x1-005_R.fit
102,R,30.0,2019-12-02T22:47:19,1,G_1994EQ3_30s_b1x1-006_R.fit
103,R,30.0,2019-12-02T22:47:52,1,G_1994EQ3_30s_b1x1-007_R.fit
104,R,30.0,2019-12-02T22:48:25,1,G_1994EQ3_30s_b1x1-008_R.fit
105,R,30.0,2019-12-02T22:48:57,1,G_1994EQ3_30s_b1x1-009_R.fit
106,R,30.0,2019-12-02T22:49:30,1,G_1994EQ3_30s_b1x1-010_R.fit
107,R,30.0,2019-12-02T22:50:03,1,G_1994EQ3_30s_b1x1-011_R.fit
108,R,30.0,2019-12-02T22:50:36,1,G_1994EQ3_30s_b1x1-012_R.fit
109,R,30.0,2019-12-02T22:51:09,1,G_1994EQ3_30s_b1x1-013_R.fit
110,R,30.0,2019-12-02T22:51:42,1,G_1994EQ3_30s_b1x1-014_R.fit
111,R,30.0,2019-12-02T22:52:14,1,G_1994EQ3_30s_b1x1-015_R.fit
112,R,30.0,2019-12-02T23:21:25,1,G_1994EQ3_30s_b1x1-016_R.fit
113,R,30.0,2019-12-02T23:21:58,1,G_1994EQ3_30s_b1x1-017_R.fit
114,R,30.0,2019-12-02T23:22:31,1,G_1994EQ3_30s_b1x1-018_R.fit
115,R,30.0,2019-12-02T23:23:04,1,G_1994EQ3_30s_b1x1-019_R.fit
116,R,30.0,2019-12-02T23:23:37,1,G_1994EQ3_30s_b1x1-020_R.fit
117,R,30.0,2019-12-02T23:24:10,1,G_1994EQ3_30s_b1x1-021_R.fit
118,R,30.0,2019-12-02T23:24:43,1,G_1994EQ3_30s_b1x1-022_R.fit
119,R,30.0,2019-12-02T23:25:16,1,G_1994EQ3_30s_b1x1-023_R.fit
120,R,30.0,2019-12-02T23:25:49,1,G_1994EQ3_30s_b1x1-024_R.fit
121,R,30.0,2019-12-02T23:26:21,1,G_1994EQ3_30s_b1x1-025_R.fit
122,R,30.0,2019-12-02T23:26:54,1,G_1994EQ3_30s_b1x1-026_R.fit
123,R,30.0,2019-12-02T23:27:27,1,G_1994EQ3_30s_b1x1-027_R.fit
124,R,30.0,2019-12-02T23:28:00,1,G_1994EQ3_30s_b1x1-028_R.fit
125,R,30.0,2019-12-02T23:28:33,1,G_1994EQ3_30s_b1x1-029_R.fit
126,R,30.0,2019-12-02T23:29:06,1,G_1994EQ3_30s_b1x1-030_R.fit
127,R,30.0,2019-12-02T22:54:42,1,G_1999OX3_30s_b1x1-001_R.fit
128,R,30.0,2019-12-02T22:55:15,1,G_1999OX3_30s_b1x1-002_R.fit
129,R,30.0,2019-12-02T22:55:48,1,G_1999OX3_30s_b1x1-003_R.fit
130,R,30.0,2019-12-02T22:56:21,1,G_1999OX3_30s_b1x1-004_R.fit
131,R,30.0,2019-12-02T22:56:54,1,G_1999OX3_30s_b1x1-005_R.fit
132,R,30.0,2019-12-02T22:57:27,1,G_1999OX3_30s_b1x1-006_R.fit
133,R,30.0,2019-12-02T22:58:00,1,G_1999OX3_30s_b1x1-007_R.fit
134,R,30.0,2019-12-02T22:58:32,1,G_1999OX3_30s_b1x1-008_R.fit
135,R,30.0,2019-12-02T22:59:05,1,G_1999OX3_30s_b1x1-009_R.fit
136,R,30.0,2019-12-02T22:59:38,1,G_1999OX3_30s_b1x1-010_R.fit
137,R,30.0,2019-12-02T23:00:11,1,G_1999OX3_30s_b1x1-011_R.fit
138,R,30.0,2019-12-02T23:00:44,1,G_1999OX3_30s_b1x1-012_R.fit
139,R,30.0,2019-12-02T23:01:17,1,G_1999OX3_30s_b1x1-013_R.fit
140,R,30.0,2019-12-02T23:01:50,1,G_1999OX3_30s_b1x1-014_R.fit
141,R,30.0,2019-12-02T23:02:23,1,G_1999OX3_30s_b1x1-015_R.fit
142,R,30.0,2019-12-02T23:32:38,1,G_1999OX3_30s_b1x1-016_R.fit
143,R,30.0,2019-12-02T23:33:11,1,G_1999OX3_30s_b1x1-017_R.fit
144,R,30.0,2019-12-02T23:33:44,1,G_1999OX3_30s_b1x1-018_R.fit
145,R,30.0,2019-12-02T23:34:17,1,G_1999OX3_30s_b1x1-019_R.fit
146,R,30.0,2019-12-02T23:34:49,1,G_1999OX3_30s_b1x1-020_R.fit
147,R,30.0,2019-12-02T23:35:22,1,G_1999OX3_30s_b1x1-021_R.fit
148,R,30.0,2019-12-02T23:35:55,1,G_1999OX3_30s_b1x1-022_R.fit
149,R,30.0,2019-12-02T23:36:28,1,G_1999OX3_30s_b1x1-023_R.fit
150,R,30.0,2019-12-02T23:37:01,1,G_1999OX3_30s_b1x1-024_R.fit
151,R,30.0,2019-12-02T23:37:34,1,G_1999OX3_30s_b1x1-025_R.fit
152,R,30.0,2019-12-02T23:38:07,1,G_1999OX3_30s_b1x1-026_R.fit
153,R,30.0,2019-12-02T23:38:40,1,G_1999OX3_30s_b1x1-027_R.fit
154,R,30.0,2019-12-02T23:39:12,1,G_1999OX3_30s_b1x1-028_R.fit
155,R,30.0,2019-12-02T23:39:45,1,G_1999OX3_30s_b1x1-029_R.fit
156,R,30.0,2019-12-02T23:40:18,1,G_1999OX3_30s_b1x1-030_R.fit
157,R,30.0,2019-12-02T23:07:30,1,G_2000KD41_30s_b1x1-001_R.fit
158,R,30.0,2019-12-02T23:08:03,1,G_2000KD41_30s_b1x1-002_R.fit
159,R,30.0,2019-12-02T23:08:36,1,G_2000KD41_30s_b1x1-003_R.fit
160,R,30.0,2019-12-02T23:09:08,1,G_2000KD41_30s_b1x1-004_R.fit
161,R,30.0,2019-12-02T23:09:41,1,G_2000KD41_30s_b1x1-005_R.fit
162,R,30.0,2019-12-02T23:10:14,1,G_2000KD41_30s_b1x1-006_R.fit
163,R,30.0,2019-12-02T23:10:47,1,G_2000KD41_30s_b1x1-007_R.fit
164,R,30.0,2019-12-02T23:11:20,1,G_2000KD41_30s_b1x1-008_R.fit
165,R,30.0,2019-12-02T23:11:52,1,G_2000KD41_30s_b1x1-009_R.fit
166,R,30.0,2019-12-02T23:12:25,1,G_2000KD41_30s_b1x1-010_R.fit
167,R,30.0,2019-12-02T23:12:58,1,G_2000KD41_30s_b1x1-011_R.fit
168,R,30.0,2019-12-02T23:13:31,1,G_2000KD41_30s_b1x1-012_R.fit
169,R,30.0,2019-12-02T23:14:04,1,G_2000KD41_30s_b1x1-013_R.fit
170,R,30.0,2019-12-02T23:14:37,1,G_2000KD41_30s_b1x1-014_R.fit
171,R,30.0,2019-12-02T23:15:09,1,G_2000KD41_30s_b1x1-015_R.fit
172,R,30.0,2019-12-02T23:42:26,1,G_2000KD41_30s_b1x1-016_R.fit
173,R,30.0,2019-12-02T23:42:59,1,G_2000KD41_30s_b1x1-017_R.fit
174,R,30.0,2019-12-02T23:43:32,1,G_2000KD41_30s_b1x1-018_R.fit
175,R,30.0,2019-12-02T23:44:05,1,G_2000KD41_30s_b1x1-019_R.fit
176,R,30.0,2019-12-02T23:44:38,1,G_2000KD41_30s_b1x1-020_R.fit
177,R,30.0,2019-12-02T23:45:11,1,G_2000KD41_30s_b1x1-021_R.fit
178,R,30.0,2019-12-02T23:45:43,1,G_2000KD41_30s_b1x1-022_R.fit
179,R,30.0,2019-12-02T23:46:16,1,G_2000KD41_30s_b1x1-023_R.fit
180,R,30.0,2019-12-02T23:46:49,1,G_2000KD41_30s_b1x1-024_R.fit
181,R,30.0,2019-12-02T23:47:22,1,G_2000KD41_30s_b1x1-025_R.fit
182,R,30.0,2019-12-02T23:47:55,1,G_2000KD41_30s_b1x1-026_R.fit
183,R,30.0,2019-12-02T23:48:28,1,G_2000KD41_30s_b1x1-027_R.fit
184,R,30.0,2019-12-02T23:49:01,1,G_2000KD41_30s_b1x1-028_R.fit
185,R,30.0,2019-12-02T23:49:34,1,G_2000KD41_30s_b1x1-029_R.fit
186,R,30.0,2019-12-02T23:50:06,1,G_2000KD41_30s_b1x1-030_R.fit
187,R,30.0,2019-12-02T22:32:22,1,G_2014OG92_30s_b1x1-001_R.fit
188,R,30.0,2019-12-02T22:32:55,1,G_2014OG92_30s_b1x1-002_R.fit
189,R,30.0,2019-12-02T22:33:28,1,G_2014OG92_30s_b1x1-003_R.fit
190,R,30.0,2019-12-02T22:34:01,1,G_2014OG92_30s_b1x1-004_R.fit
191,R,30.0,2019-12-02T22:34:34,1,G_2014OG92_30s_b1x1-005_R.fit
192,R,30.0,2019-12-02T22:35:07,1,G_2014OG92_30s_b1x1-006_R.fit
193,R,30.0,2019-12-02T22:35:39,1,G_2014OG92_30s_b1x1-007_R.fit
194,R,30.0,2019-12-02T22:36:12,1,G_2014OG92_30s_b1x1-008_R.fit
195,R,30.0,2019-12-02T22:36:45,1,G_2014OG92_30s_b1x1-009_R.fit
196,R,30.0,2019-12-02T22:37:18,1,G_2014OG92_30s_b1x1-010_R.fit
197,R,30.0,2019-12-02T22:37:51,1,G_2014OG92_30s_b1x1-011_R.fit
198,R,30.0,2019-12-02T22:38:23,1,G_2014OG92_30s_b1x1-012_R.fit
199,R,30.0,2019-12-02T22:38:56,1,G_2014OG92_30s_b1x1-013_R.fit
200,R,30.0,2019-12-02T22:39:29,1,G_2014OG92_30s_b1x1-014_R.fit
201,R,30.0,2019-12-02T22:40:02,1,G_2014OG92_30s_b1x1-015_R.fit
202,R,30.0,2019-12-03T00:42:55,1,G_2014OG92_30s_b1x1-016_R.fit
203,R,30.0,2019-12-03T00:43:28,1,G_2014OG92_30s_b1x1-017_R.fit
204,R,30.0,2019-12-03T00:44:00,1,G_2014OG92_30s_b1x1-018_R.fit
205,R,30.0,2019-12-03T00:44:33,1,G_2014OG92_30s_b1x1-019_R.fit
206,R,30.0,2019-12-03T00:45:06,1,G_2014OG92_30s_b1x1-020_R.fit
207,R,30.0,2019-12-03T00:45:39,1,G_2014OG92_30s_b1x1-021_R.fit
208,R,30.0,2019-12-03T00:46:12,1,G_2014OG92_30s_b1x1-022_R.fit
209,R,30.0,2019-12-03T00:46:45,1,G_2014OG92_30s_b1x1-023_R.fit
210,R,30.0,2019-12-03T00:47:17,1,G_2014OG92_30s_b1x1-024_R.fit
211,R,30.0,2019-12-03T00:47:50,1,G_2014OG92_30s_b1x1-025_R.fit
212,R,30.0,2019-12-03T00:48:23,1,G_2014OG92_30s_b1x1-026_R.fit
213,R,30.0,2019-12-03T00:48:56,1,G_2014OG92_30s_b1x1-027_R.fit
214,R,30.0,2019-12-03T00:49:29,1,G_2014OG92_30s_b1x1-028_R.fit
215,R,30.0,2019-12-03T00:50:01,1,G_2014OG92_30s_b1x1-029_R.fit
216,R,30.0,2019-12-03T00:50:34,1,G_2014OG92_30s_b1x1-030_R.fit
217,r,10.0,2019-12-03T02:29:27,2,S_SA95236_10s_b2x2-001_r.fit
218,g,10.0,2019-12-03T02:31:41,2,S_SA95236_10s_b2x2-002_g.fit
219,i,10.0,2019-12-03T02:31:15,2,S_SA95236_10s_b2x2-002_i.fit
220,r,10.0,2019-12-03T02:30:22,2,S_SA95236_10s_b2x2-002_r.fit
221,z,10.0,2019-12-03T02:30:49,2,S_SA95236_10s_b2x2-002_z.fit
222,g,10.0,2019-12-03T02:33:26,2,S_SA95236_10s_b2x2-003_g.fit
223,i,10.0,2019-12-03T02:33:00,2,S_SA95236_10s_b2x2-003_i.fit
224,r,10.0,2019-12-03T02:32:08,2,S_SA95236_10s_b2x2-003_r.fit
225,z,10.0,2019-12-03T02:32:33,2,S_SA95236_10s_b2x2-003_z.fit
226,g,10.0,2019-12-03T02:35:12,2,S_SA95236_10s_b2x2-004_g.fit
227,i,10.0,2019-12-03T02:34:45,2,S_SA95236_10s_b2x2-004_i.fit
228,r,10.0,2019-12-03T02:33:53,2,S_SA95236_10s_b2x2-004_r.fit
229,z,10.0,2019-12-03T02:34:20,2,S_SA95236_10s_b2x2-004_z.fit
230,g,10.0,2019-12-03T02:36:57,2,S_SA95236_10s_b2x2-005_g.fit
231,i,10.0,2019-12-03T02:36:31,2,S_SA95236_10s_b2x2-005_i.fit
232,r,10.0,2019-12-03T02:35:38,2,S_SA95236_10s_b2x2-005_r.fit
233,z,10.0,2019-12-03T02:36:04,2,S_SA95236_10s_b2x2-005_z.fit
234,R,10.0,2019-12-03T02:39:33,2,S_SA95236_10s_b2x2-006_R.fit
235,V,10.0,2019-12-03T02:39:59,2,S_SA95236_10s_b2x2-006_V.fit
236,R,10.0,2019-12-03T02:40:25,2,S_SA95236_10s_b2x2-007_R.fit
237,V,10.0,2019-12-03T02:40:51,2,S_SA95236_10s_b2x2-007_V.fit
238,R,10.0,2019-12-03T02:41:17,2,S_SA95236_10s_b2x2-008_R.fit
239,V,10.0,2019-12-03T02:41:42,2,S_SA95236_10s_b2x2-008_V.fit
240,R,10.0,2019-12-03T02:42:08,2,S_SA95236_10s_b2x2-009_R.fit
241,V,10.0,2019-12-03T02:42:35,2,S_SA95236_10s_b2x2-009_V.fit
242,g,10.0,2019-12-03T03:34:46,2,S_SA95236_10s_b2x2-010_g.fit
243,i,10.0,2019-12-03T03:34:21,2,S_SA95236_10s_b2x2-010_i.fit
244,r,10.0,2019-12-03T03:33:30,2,S_SA95236_10s_b2x2-010_r.fit
245,z,10.0,2019-12-03T03:33:56,2,S_SA95236_10s_b2x2-010_z.fit
246,g,10.0,2019-12-03T03:36:25,2,S_SA95236_10s_b2x2-011_g.fit
247,i,10.0,2019-12-03T03:36:00,2,S_SA95236_10s_b2x2-011_i.fit
248,r,10.0,2019-12-03T03:35:11,2,S_SA95236_10s_b2x2-011_r.fit
249,z,10.0,2019-12-03T03:35:36,2,S_SA95236_10s_b2x2-011_z.fit
250,g,10.0,2019-12-03T03:38:05,2,S_SA95236_10s_b2x2-012_g.fit
251,i,10.0,2019-12-03T03:37:40,2,S_SA95236_10s_b2x2-012_i.fit
252,r,10.0,2019-12-03T03:36:51,2,S_SA95236_10s_b2x2-012_r.fit
253,z,10.0,2019-12-03T03:37:15,2,S_SA95236_10s_b2x2-012_z.fit
254,g,10.0,2019-12-03T03:39:45,2,S_SA95236_10s_b2x2-013_g.fit
255,i,10.0,2019-12-03T03:39:20,2,S_SA95236_10s_b2x2-013_i.fit
256,r,10.0,2019-12-03T03:38:31,2,S_SA95236_10s_b2x2-013_r.fit
257,z,10.0,2019-12-03T03:38:55,2,S_SA95236_10s_b2x2-013_z.fit
258,R,10.0,2019-12-03T03:40:39,2,S_SA95236_10s_b2x2-014_R.fit
259,V,10.0,2019-12-03T03:41:03,2,S_SA95236_10s_b2x2-014_V.fit
260,R,10.0,2019-12-03T03:41:28,2,S_SA95236_10s_b2x2-015_R.fit
261,V,10.0,2019-12-03T03:41:53,2,S_SA95236_10s_b2x2-015_V.fit
262,R,10.0,2019-12-03T03:42:17,2,S_SA95236_10s_b2x2-016_R.fit
263,V,10.0,2019-12-03T03:42:42,2,S_SA95236_10s_b2x2-016_V.fit
264,R,10.0,2019-12-03T03:43:07,2,S_SA95236_10s_b2x2-017_R.fit
265,V,10.0,2019-12-03T03:43:32,2,S_SA95236_10s_b2x2-017_V.fit
266,r,10.0,2019-12-03T04:12:29,2,S_SA95236_10s_b2x2-018_r.fit
267,z,10.0,2019-12-03T04:12:53,2,S_SA95236_10s_b2x2-018_z.fit
268,g,10.0,2019-12-03T04:18:37,2,S_SA95236_10s_b2x2-019_g.fit
269,i,10.0,2019-12-03T04:18:13,2,S_SA95236_10s_b2x2-019_i.fit
270,r,10.0,2019-12-03T04:17:23,2,S_SA95236_10s_b2x2-019_r.fit
271,z,10.0,2019-12-03T04:17:48,2,S_SA95236_10s_b2x2-019_z.fit
272,g,10.0,2019-12-03T04:20:16,2,S_SA95236_10s_b2x2-020_g.fit
273,i,10.0,2019-12-03T04:19:51,2,S_SA95236_10s_b2x2-020_i.fit
274,r,10.0,2019-12-03T04:19:02,2,S_SA95236_10s_b2x2-020_r.fit
275,z,10.0,2019-12-03T04:19:27,2,S_SA95236_10s_b2x2-020_z.fit
276,g,10.0,2019-12-03T04:21:54,2,S_SA95236_10s_b2x2-021_g.fit
277,i,10.0,2019-12-03T04:21:30,2,S_SA95236_10s_b2x2-021_i.fit
278,r,10.0,2019-12-03T04:20:41,2,S_SA95236_10s_b2x2-021_r.fit
279,z,10.0,2019-12-03T04:21:05,2,S_SA95236_10s_b2x2-021_z.fit
280,g,10.0,2019-12-03T04:23:33,2,S_SA95236_10s_b2x2-022_g.fit
281,i,10.0,2019-12-03T04:23:09,2,S_SA95236_10s_b2x2-022_i.fit
282,r,10.0,2019-12-03T04:22:19,2,S_SA95236_10s_b2x2-022_r.fit
283,z,10.0,2019-12-03T04:22:44,2,S_SA95236_10s_b2x2-022_z.fit
284,R,10.0,2019-12-03T04:26:52,2,S_SA95236_10s_b2x2-023_R.fit
285,V,10.0,2019-12-03T04:27:17,2,S_SA95236_10s_b2x2-023_V.fit
286,R,10.0,2019-12-03T04:27:42,2,S_SA95236_10s_b2x2-024_R.fit
287,V,10.0,2019-12-03T04:28:05,2,S_SA95236_10s_b2x2-024_V.fit
288,R,10.0,2019-12-03T04:28:30,2,S_SA95236_10s_b2x2-025_R.fit
289,V,10.0,2019-12-03T04:28:55,2,S_SA95236_10s_b2x2-025_V.fit
290,R,10.0,2019-12-03T04:29:19,2,S_SA95236_10s_b2x2-026_R.fit
291,V,10.0,2019-12-03T04:29:44,2,S_SA95236_10s_b2x2-026_V.fit
0,R,180.0,2019-12-04T03:25:06,2,2001WN5_180s_b2x2-001_R.fit
1,V,180.0,2019-12-04T03:28:17,2,2001WN5_180s_b2x2-001_V.fit
2,R,180.0,2019-12-04T03:31:32,2,2001WN5_180s_b2x2-002_R.fit
3,V,180.0,2019-12-04T03:34:44,2,2001WN5_180s_b2x2-002_V.fit
4,R,180.0,2019-12-04T03:37:59,2,2001WN5_180s_b2x2-003_R.fit
5,V,180.0,2019-12-04T03:41:10,2,2001WN5_180s_b2x2-003_V.fit
6,g,60.0,2019-12-04T01:01:36,2,728_60s_b2x2-001_g.fit
7,i,60.0,2019-12-04T01:00:21,2,728_60s_b2x2-001_i.fit
8,r,60.0,2019-12-04T00:57:52,2,728_60s_b2x2-001_r.fit
9,z,60.0,2019-12-04T00:59:06,2,728_60s_b2x2-001_z.fit
10,g,60.0,2019-12-04T01:06:34,2,728_60s_b2x2-002_g.fit
11,i,60.0,2019-12-04T01:05:19,2,728_60s_b2x2-002_i.fit
12,r,60.0,2019-12-04T01:02:51,2,728_60s_b2x2-002_r.fit
13,z,60.0,2019-12-04T01:04:04,2,728_60s_b2x2-002_z.fit
14,g,60.0,2019-12-04T01:11:32,2,728_60s_b2x2-003_g.fit
15,i,60.0,2019-12-04T01:10:17,2,728_60s_b2x2-003_i.fit
16,r,60.0,2019-12-04T01:07:48,2,728_60s_b2x2-003_r.fit
17,z,60.0,2019-12-04T01:09:03,2,728_60s_b2x2-003_z.fit
18,g,60.0,2019-12-04T01:16:31,2,728_60s_b2x2-004_g.fit
19,i,60.0,2019-12-04T01:15:16,2,728_60s_b2x2-004_i.fit
20,r,60.0,2019-12-04T01:12:46,2,728_60s_b2x2-004_r.fit
21,z,60.0,2019-12-04T01:14:01,2,728_60s_b2x2-004_z.fit
22,g,60.0,2019-12-04T01:21:50,2,728_60s_b2x2-005_g.fit
23,i,60.0,2019-12-04T01:20:35,2,728_60s_b2x2-005_i.fit
24,r,60.0,2019-12-04T01:18:06,2,728_60s_b2x2-005_r.fit
25,z,60.0,2019-12-04T01:19:21,2,728_60s_b2x2-005_z.fit
26,g,60.0,2019-12-04T01:26:48,2,728_60s_b2x2-006_g.fit
27,i,60.0,2019-12-04T01:25:33,2,728_60s_b2x2-006_i.fit
28,r,60.0,2019-12-04T01:23:05,2,728_60s_b2x2-006_r.fit
29,z,60.0,2019-12-04T01:24:18,2,728_60s_b2x2-006_z.fit
30,g,60.0,2019-12-04T01:31:47,2,728_60s_b2x2-007_g.fit
31,i,60.0,2019-12-04T01:30:32,2,728_60s_b2x2-007_i.fit
32,r,60.0,2019-12-04T01:28:02,2,728_60s_b2x2-007_r.fit
33,z,60.0,2019-12-04T01:29:18,2,728_60s_b2x2-007_z.fit
34,r,60.0,2019-12-04T01:33:01,2,728_60s_b2x2-008_r.fit
35,z,60.0,2019-12-04T01:34:16,2,728_60s_b2x2-008_z.fit
36,g,60.0,2019-12-04T01:40:21,2,728_60s_b2x2-009_g.fit
37,i,60.0,2019-12-04T01:39:06,2,728_60s_b2x2-009_i.fit
38,r,60.0,2019-12-04T01:36:38,2,728_60s_b2x2-009_r.fit
39,z,60.0,2019-12-04T01:37:51,2,728_60s_b2x2-009_z.fit
40,r,60.0,2019-12-04T01:41:34,2,728_60s_b2x2-010_r.fit
41,g,60.0,2019-12-04T01:47:33,2,728_60s_b2x2-011_g.fit
42,i,60.0,2019-12-04T01:46:18,2,728_60s_b2x2-011_i.fit
43,r,60.0,2019-12-04T01:43:48,2,728_60s_b2x2-011_r.fit
44,z,60.0,2019-12-04T01:45:03,2,728_60s_b2x2-011_z.fit
45,g,60.0,2019-12-04T01:52:32,2,728_60s_b2x2-012_g.fit
46,i,60.0,2019-12-04T01:51:16,2,728_60s_b2x2-012_i.fit
47,r,60.0,2019-12-04T01:48:46,2,728_60s_b2x2-012_r.fit
48,z,60.0,2019-12-04T01:50:01,2,728_60s_b2x2-012_z.fit
49,g,60.0,2019-12-04T01:57:30,2,728_60s_b2x2-013_g.fit
50,i,60.0,2019-12-04T01:56:16,2,728_60s_b2x2-013_i.fit
51,r,60.0,2019-12-04T01:53:46,2,728_60s_b2x2-013_r.fit
52,z,60.0,2019-12-04T01:55:01,2,728_60s_b2x2-013_z.fit
53,g,60.0,2019-12-04T02:02:29,2,728_60s_b2x2-014_g.fit
54,i,60.0,2019-12-04T02:01:15,2,728_60s_b2x2-014_i.fit
55,r,60.0,2019-12-04T01:58:45,2,728_60s_b2x2-014_r.fit
56,z,60.0,2019-12-04T02:00:00,2,728_60s_b2x2-014_z.fit
57,g,60.0,2019-12-04T02:08:57,2,728_60s_b2x2-015_g.fit
58,i,60.0,2019-12-04T02:07:42,2,728_60s_b2x2-015_i.fit
59,r,60.0,2019-12-04T02:05:13,2,728_60s_b2x2-015_r.fit
60,z,60.0,2019-12-04T02:06:28,2,728_60s_b2x2-015_z.fit
61,g,60.0,2019-12-04T02:13:57,2,728_60s_b2x2-016_g.fit
62,i,60.0,2019-12-04T02:12:42,2,728_60s_b2x2-016_i.fit
63,r,60.0,2019-12-04T02:10:12,2,728_60s_b2x2-016_r.fit
64,z,60.0,2019-12-04T02:11:27,2,728_60s_b2x2-016_z.fit
65,g,60.0,2019-12-04T02:18:56,2,728_60s_b2x2-017_g.fit
66,i,60.0,2019-12-04T02:17:41,2,728_60s_b2x2-017_i.fit
67,r,60.0,2019-12-04T02:15:12,2,728_60s_b2x2-017_r.fit
68,z,60.0,2019-12-04T02:16:26,2,728_60s_b2x2-017_z.fit
69,g,60.0,2019-12-04T02:23:56,2,728_60s_b2x2-018_g.fit
70,i,60.0,2019-12-04T02:22:41,2,728_60s_b2x2-018_i.fit
71,r,60.0,2019-12-04T02:20:11,2,728_60s_b2x2-018_r.fit
72,z,60.0,2019-12-04T02:21:26,2,728_60s_b2x2-018_z.fit
73,g,60.0,2019-12-04T03:00:11,2,728_60s_b2x2-019_g.fit
74,i,60.0,2019-12-04T02:58:57,2,728_60s_b2x2-019_i.fit
75,r,60.0,2019-12-04T02:56:26,2,728_60s_b2x2-019_r.fit
76,z,60.0,2019-12-04T02:57:41,2,728_60s_b2x2-019_z.fit
77,g,60.0,2019-12-04T03:05:12,2,728_60s_b2x2-020_g.fit
78,i,60.0,2019-12-04T03:03:56,2,728_60s_b2x2-020_i.fit
79,r,60.0,2019-12-04T03:01:26,2,728_60s_b2x2-020_r.fit
80,z,60.0,2019-12-04T03:02:42,2,728_60s_b2x2-020_z.fit
81,g,60.0,2019-12-04T03:10:13,2,728_60s_b2x2-021_g.fit
82,i,60.0,2019-12-04T03:08:57,2,728_60s_b2x2-021_i.fit
83,r,60.0,2019-12-04T03:06:27,2,728_60s_b2x2-021_r.fit
84,z,60.0,2019-12-04T03:07:41,2,728_60s_b2x2-021_z.fit
85,g,60.0,2019-12-04T03:15:15,2,728_60s_b2x2-022_g.fit
86,i,60.0,2019-12-04T03:13:59,2,728_60s_b2x2-022_i.fit
87,r,60.0,2019-12-04T03:11:27,2,728_60s_b2x2-022_r.fit
88,z,60.0,2019-12-04T03:12:43,2,728_60s_b2x2-022_z.fit
89,R,30.0,2019-12-04T00:44:17,1,G2000KD41_30s_b1x1-001_R.fit
90,R,30.0,2019-12-04T00:44:50,1,G2000KD41_30s_b1x1-002_R.fit
91,R,30.0,2019-12-04T00:45:23,1,G2000KD41_30s_b1x1-003_R.fit
92,R,30.0,2019-12-04T00:45:56,1,G2000KD41_30s_b1x1-004_R.fit
93,R,30.0,2019-12-04T00:46:29,1,G2000KD41_30s_b1x1-005_R.fit
94,R,30.0,2019-12-04T00:47:01,1,G2000KD41_30s_b1x1-006_R.fit
95,R,30.0,2019-12-04T00:47:34,1,G2000KD41_30s_b1x1-007_R.fit
96,R,30.0,2019-12-04T00:48:07,1,G2000KD41_30s_b1x1-008_R.fit
97,R,30.0,2019-12-04T00:48:40,1,G2000KD41_30s_b1x1-009_R.fit
98,R,30.0,2019-12-04T00:49:13,1,G2000KD41_30s_b1x1-010_R.fit
99,R,30.0,2019-12-04T00:49:46,1,G2000KD41_30s_b1x1-011_R.fit
100,R,30.0,2019-12-04T00:50:19,1,G2000KD41_30s_b1x1-012_R.fit
101,R,30.0,2019-12-04T00:50:52,1,G2000KD41_30s_b1x1-013_R.fit
102,R,30.0,2019-12-04T00:51:24,1,G2000KD41_30s_b1x1-014_R.fit
103,R,30.0,2019-12-04T00:51:57,1,G2000KD41_30s_b1x1-015_R.fit
104,R,30.0,2019-12-03T22:50:36,1,G_2000KD41_30s_b1x1-001_R.fit
105,R,30.0,2019-12-03T22:51:09,1,G_2000KD41_30s_b1x1-002_R.fit
106,R,30.0,2019-12-03T22:51:42,1,G_2000KD41_30s_b1x1-003_R.fit
107,R,30.0,2019-12-03T22:52:15,1,G_2000KD41_30s_b1x1-004_R.fit
108,R,30.0,2019-12-03T22:52:48,1,G_2000KD41_30s_b1x1-005_R.fit
109,R,30.0,2019-12-03T22:53:21,1,G_2000KD41_30s_b1x1-006_R.fit
110,R,30.0,2019-12-03T22:53:53,1,G_2000KD41_30s_b1x1-007_R.fit
111,R,30.0,2019-12-03T22:54:26,1,G_2000KD41_30s_b1x1-008_R.fit
112,R,30.0,2019-12-03T22:54:59,1,G_2000KD41_30s_b1x1-009_R.fit
113,R,30.0,2019-12-03T22:55:32,1,G_2000KD41_30s_b1x1-010_R.fit
114,R,30.0,2019-12-03T22:56:05,1,G_2000KD41_30s_b1x1-011_R.fit
115,R,30.0,2019-12-03T22:56:38,1,G_2000KD41_30s_b1x1-012_R.fit
116,R,30.0,2019-12-03T22:57:11,1,G_2000KD41_30s_b1x1-013_R.fit
117,R,30.0,2019-12-03T22:57:44,1,G_2000KD41_30s_b1x1-014_R.fit
118,R,30.0,2019-12-03T22:58:17,1,G_2000KD41_30s_b1x1-015_R.fit
119,g,10.0,2019-12-04T02:33:35,2,S_SA95236_10s_b2x2-001_g.fit
120,i,10.0,2019-12-04T02:33:08,2,S_SA95236_10s_b2x2-001_i.fit
121,r,10.0,2019-12-04T02:32:16,2,S_SA95236_10s_b2x2-001_r.fit
122,z,10.0,2019-12-04T02:32:43,2,S_SA95236_10s_b2x2-001_z.fit
123,g,10.0,2019-12-04T02:35:19,2,S_SA95236_10s_b2x2-002_g.fit
124,i,10.0,2019-12-04T02:34:54,2,S_SA95236_10s_b2x2-002_i.fit
125,r,10.0,2019-12-04T02:34:02,2,S_SA95236_10s_b2x2-002_r.fit
126,z,10.0,2019-12-04T02:34:28,2,S_SA95236_10s_b2x2-002_z.fit
127,g,10.0,2019-12-04T02:37:03,2,S_SA95236_10s_b2x2-003_g.fit
128,i,10.0,2019-12-04T02:36:37,2,S_SA95236_10s_b2x2-003_i.fit
129,r,10.0,2019-12-04T02:35:45,2,S_SA95236_10s_b2x2-003_r.fit
130,z,10.0,2019-12-04T02:36:12,2,S_SA95236_10s_b2x2-003_z.fit
131,g,10.0,2019-12-04T02:38:46,2,S_SA95236_10s_b2x2-004_g.fit
132,i,10.0,2019-12-04T02:38:21,2,S_SA95236_10s_b2x2-004_i.fit
133,r,10.0,2019-12-04T02:37:29,2,S_SA95236_10s_b2x2-004_r.fit
134,z,10.0,2019-12-04T02:37:55,2,S_SA95236_10s_b2x2-004_z.fit
135,R,10.0,2019-12-04T02:49:23,2,S_SA95236_10s_b2x2-005_R.fit
136,V,10.0,2019-12-04T02:49:46,2,S_SA95236_10s_b2x2-005_V.fit
137,R,10.0,2019-12-04T02:50:11,2,S_SA95236_10s_b2x2-006_R.fit
138,V,10.0,2019-12-04T02:50:33,2,S_SA95236_10s_b2x2-006_V.fit
139,R,10.0,2019-12-04T02:50:59,2,S_SA95236_10s_b2x2-007_R.fit
140,V,10.0,2019-12-04T02:51:21,2,S_SA95236_10s_b2x2-007_V.fit
141,R,10.0,2019-12-04T02:51:47,2,S_SA95236_10s_b2x2-008_R.fit
142,V,10.0,2019-12-04T02:52:08,2,S_SA95236_10s_b2x2-008_V.fit
143,R,10.0,2019-12-04T03:48:28,2,S_SA95236_10s_b2x2-009_R.fit
144,V,10.0,2019-12-04T03:48:50,2,S_SA95236_10s_b2x2-009_V.fit
145,R,10.0,2019-12-04T03:49:45,2,S_SA95236_10s_b2x2-010_R.fit
146,V,10.0,2019-12-04T03:50:24,2,S_SA95236_10s_b2x2-010_V.fit
147,R,10.0,2019-12-04T03:50:59,2,S_SA95236_10s_b2x2-011_R.fit
148,V,10.0,2019-12-04T03:51:16,2,S_SA95236_10s_b2x2-011_V.fit
149,R,10.0,2019-12-04T03:51:30,2,S_SA95236_10s_b2x2-012_R.fit
150,V,10.0,2019-12-04T03:51:47,2,S_SA95236_10s_b2x2-012_V.fit
151,R,10.0,2019-12-04T03:52:30,2,S_SA95236_10s_b2x2-013_R.fit
152,V,10.0,2019-12-04T03:52:48,2,S_SA95236_10s_b2x2-013_V.fit
153,R,10.0,2019-12-04T03:53:01,2,S_SA95236_10s_b2x2-014_R.fit
154,V,10.0,2019-12-04T03:53:19,2,S_SA95236_10s_b2x2-014_V.fit
0,R,240.0,2019-12-19T02:33:54,2,2001WN5_240s_b2x2-001_R.fit
1,V,240.0,2019-12-19T02:24:37,2,2001WN5_240s_b2x2-001_V.fit
2,R,240.0,2019-12-19T02:38:01,2,2001WN5_240s_b2x2-002_R.fit
3,V,240.0,2019-12-19T02:28:44,2,2001WN5_240s_b2x2-002_V.fit
4,R,240.0,2019-12-19T21:45:11,2,2005TG45_240_b2x2-004_R.fit
5,R,120.0,2019-12-19T03:51:18,2,2017YH_120s_b2x2-001_R.fit
6,R,120.0,2019-12-19T03:53:19,2,2017YH_120s_b2x2-002_R.fit
7,R,120.0,2019-12-19T03:55:20,2,2017YH_120s_b2x2-003_R.fit
8,R,120.0,2019-12-19T03:57:21,2,2017YH_120s_b2x2-004_R.fit
9,R,220.0,2019-12-19T04:05:11,2,2017YH_220s_b2x2-001_R.fit
10,R,240.0,2019-12-19T04:40:23,2,2017YH_240s_b2x2-001_R.fit
11,R,240.0,2019-12-19T04:44:24,2,2017YH_240s_b2x2-002_R.fit
12,R,240.0,2019-12-19T04:48:25,2,2017YH_240s_b2x2-003_R.fit
13,R,240.0,2019-12-19T04:52:27,2,2017YH_240s_b2x2-004_R.fit
14,R,240.0,2019-12-19T04:56:28,2,2017YH_240s_b2x2-005_R.fit
15,R,240.0,2019-12-19T05:04:35,2,2017YH_240s_b2x2-006_R.fit
16,R,240.0,2019-12-19T05:09:05,2,2017YH_240s_b2x2-007_R.fit
17,R,240.0,2019-12-19T05:15:17,2,2017YH_240s_b2x2-008_R.fit
18,R,240.0,2019-12-19T05:19:18,2,2017YH_240s_b2x2-009_R.fit
19,R,240.0,2019-12-19T05:23:19,2,2017YH_240s_b2x2-010_R.fit
20,R,300.0,2019-12-19T05:34:40,2,2017YH_300s_b2x2-001_R.fit
21,R,300.0,2019-12-19T05:39:56,2,2017YH_300s_b2x2-002_R.fit
22,R,120.0,2019-12-19T03:08:15,2,22322_120s_b2x2-001_R.fit
23,V,120.0,2019-12-19T03:00:37,2,22322_120s_b2x2-001_V.fit
24,R,120.0,2019-12-19T03:10:16,2,22322_120s_b2x2-002_R.fit
25,V,120.0,2019-12-19T03:02:38,2,22322_120s_b2x2-002_V.fit
26,R,120.0,2019-12-19T03:12:17,2,22322_120s_b2x2-003_R.fit
27,V,120.0,2019-12-19T03:04:39,2,22322_120s_b2x2-003_V.fit
28,R,120.0,2019-12-19T02:45:28,2,23122_120s_b2x2-001_R.fit
29,V,120.0,2019-12-19T02:51:59,2,23122_120s_b2x2-001_V.fit
30,R,120.0,2019-12-19T02:47:29,2,23122_120s_b2x2-002_R.fit
31,V,120.0,2019-12-19T02:54:00,2,23122_120s_b2x2-002_V.fit
32,R,120.0,2019-12-19T02:49:30,2,23122_120s_b2x2-003_R.fit
33,V,120.0,2019-12-19T02:56:01,2,23122_120s_b2x2-003_V.fit
34,g,30.0,2019-12-18T23:52:36,2,728_b2x2-001_g.fit
35,i,40.0,2019-12-18T23:54:00,2,728_b2x2-001_i.fit
36,z,40.0,2019-12-18T23:54:52,2,728_b2x2-001_z.fit
37,g,30.0,2019-12-18T23:55:43,2,728_b2x2-002_g.fit
38,i,40.0,2019-12-18T23:57:08,2,728_b2x2-002_i.fit
39,z,40.0,2019-12-18T23:57:59,2,728_b2x2-002_z.fit
40,g,30.0,2019-12-18T23:58:51,2,728_b2x2-003_g.fit
41,i,40.0,2019-12-19T00:00:16,2,728_b2x2-003_i.fit
42,z,40.0,2019-12-19T00:01:08,2,728_b2x2-003_z.fit
43,g,30.0,2019-12-19T00:01:59,2,728_b2x2-004_g.fit
44,i,40.0,2019-12-19T00:03:24,2,728_b2x2-004_i.fit
45,z,40.0,2019-12-19T00:04:16,2,728_b2x2-004_z.fit
46,g,30.0,2019-12-19T00:05:08,2,728_b2x2-005_g.fit
47,i,40.0,2019-12-19T00:06:33,2,728_b2x2-005_i.fit
48,g,30.0,2019-12-19T00:09:49,2,728_b2x2-006_g.fit
49,i,40.0,2019-12-19T00:11:12,2,728_b2x2-006_i.fit
50,r,30.0,2019-12-19T00:10:31,2,728_b2x2-006_r.fit
51,z,40.0,2019-12-19T00:12:04,2,728_b2x2-006_z.fit
52,g,30.0,2019-12-19T00:12:55,2,728_b2x2-007_g.fit
53,i,40.0,2019-12-19T00:14:18,2,728_b2x2-007_i.fit
54,r,30.0,2019-12-19T00:13:37,2,728_b2x2-007_r.fit
55,z,40.0,2019-12-19T00:15:10,2,728_b2x2-007_z.fit
56,g,30.0,2019-12-19T00:16:01,2,728_b2x2-008_g.fit
57,i,40.0,2019-12-19T00:17:24,2,728_b2x2-008_i.fit
58,r,30.0,2019-12-19T00:16:43,2,728_b2x2-008_r.fit
59,z,40.0,2019-12-19T00:18:16,2,728_b2x2-008_z.fit
60,g,30.0,2019-12-19T00:19:08,2,728_b2x2-009_g.fit
61,i,40.0,2019-12-19T00:20:31,2,728_b2x2-009_i.fit
62,r,30.0,2019-12-19T00:19:49,2,728_b2x2-009_r.fit
63,z,40.0,2019-12-19T00:21:23,2,728_b2x2-009_z.fit
64,g,30.0,2019-12-19T00:22:14,2,728_b2x2-010_g.fit
65,i,40.0,2019-12-19T00:23:38,2,728_b2x2-010_i.fit
66,r,30.0,2019-12-19T00:22:56,2,728_b2x2-010_r.fit
67,z,40.0,2019-12-19T00:24:30,2,728_b2x2-010_z.fit
68,g,30.0,2019-12-19T00:25:21,2,728_b2x2-011_g.fit
69,i,40.0,2019-12-19T00:26:45,2,728_b2x2-011_i.fit
70,r,30.0,2019-12-19T00:26:03,2,728_b2x2-011_r.fit
71,z,40.0,2019-12-19T00:27:36,2,728_b2x2-011_z.fit
72,g,30.0,2019-12-19T00:28:42,2,728_b2x2-012_g.fit
73,i,40.0,2019-12-19T00:30:05,2,728_b2x2-012_i.fit
74,r,30.0,2019-12-19T00:29:24,2,728_b2x2-012_r.fit
75,z,40.0,2019-12-19T00:30:57,2,728_b2x2-012_z.fit
76,g,30.0,2019-12-19T00:31:49,2,728_b2x2-013_g.fit
77,i,40.0,2019-12-19T00:33:12,2,728_b2x2-013_i.fit
78,r,30.0,2019-12-19T00:32:30,2,728_b2x2-013_r.fit
79,z,40.0,2019-12-19T00:34:04,2,728_b2x2-013_z.fit
80,g,30.0,2019-12-19T00:34:55,2,728_b2x2-014_g.fit
81,i,40.0,2019-12-19T00:36:19,2,728_b2x2-014_i.fit
82,r,30.0,2019-12-19T00:35:37,2,728_b2x2-014_r.fit
83,z,40.0,2019-12-19T00:37:10,2,728_b2x2-014_z.fit
84,g,30.0,2019-12-19T00:38:02,2,728_b2x2-015_g.fit
85,i,40.0,2019-12-19T00:39:25,2,728_b2x2-015_i.fit
86,r,30.0,2019-12-19T00:38:43,2,728_b2x2-015_r.fit
87,z,40.0,2019-12-19T00:40:17,2,728_b2x2-015_z.fit
88,g,30.0,2019-12-19T00:41:08,2,728_b2x2-016_g.fit
89,i,40.0,2019-12-19T00:42:31,2,728_b2x2-016_i.fit
90,r,30.0,2019-12-19T00:41:50,2,728_b2x2-016_r.fit
91,z,40.0,2019-12-19T00:43:24,2,728_b2x2-016_z.fit
92,g,30.0,2019-12-19T00:44:16,2,728_b2x2-017_g.fit
93,i,40.0,2019-12-19T00:45:39,2,728_b2x2-017_i.fit
94,r,30.0,2019-12-19T00:44:57,2,728_b2x2-017_r.fit
95,z,40.0,2019-12-19T00:46:31,2,728_b2x2-017_z.fit
96,g,30.0,2019-12-19T00:47:39,2,728_b2x2-018_g.fit
97,i,40.0,2019-12-19T00:49:03,2,728_b2x2-018_i.fit
98,r,30.0,2019-12-19T00:48:20,2,728_b2x2-018_r.fit
99,z,40.0,2019-12-19T00:49:54,2,728_b2x2-018_z.fit
100,g,30.0,2019-12-19T00:50:46,2,728_b2x2-019_g.fit
101,i,40.0,2019-12-19T00:52:10,2,728_b2x2-019_i.fit
102,r,30.0,2019-12-19T00:51:29,2,728_b2x2-019_r.fit
103,z,40.0,2019-12-19T00:53:02,2,728_b2x2-019_z.fit
104,g,30.0,2019-12-19T00:53:53,2,728_b2x2-020_g.fit
105,i,40.0,2019-12-19T00:55:17,2,728_b2x2-020_i.fit
106,r,30.0,2019-12-19T00:54:36,2,728_b2x2-020_r.fit
107,z,40.0,2019-12-19T00:56:09,2,728_b2x2-020_z.fit
108,g,30.0,2019-12-19T00:57:01,2,728_b2x2-021_g.fit
109,i,40.0,2019-12-19T00:58:23,2,728_b2x2-021_i.fit
110,r,30.0,2019-12-19T00:57:41,2,728_b2x2-021_r.fit
111,z,40.0,2019-12-19T00:59:15,2,728_b2x2-021_z.fit
112,g,30.0,2019-12-19T01:00:08,2,728_b2x2-022_g.fit
113,i,40.0,2019-12-19T01:01:33,2,728_b2x2-022_i.fit
114,r,30.0,2019-12-19T01:00:50,2,728_b2x2-022_r.fit
115,z,40.0,2019-12-19T01:02:25,2,728_b2x2-022_z.fit
116,g,30.0,2019-12-19T01:03:16,2,728_b2x2-023_g.fit
117,i,40.0,2019-12-19T01:04:40,2,728_b2x2-023_i.fit
118,r,30.0,2019-12-19T01:03:59,2,728_b2x2-023_r.fit
119,z,40.0,2019-12-19T01:05:32,2,728_b2x2-023_z.fit
120,g,30.0,2019-12-19T01:07:31,2,728_b2x2-024_g.fit
121,i,40.0,2019-12-19T01:08:56,2,728_b2x2-024_i.fit
122,r,30.0,2019-12-19T01:08:14,2,728_b2x2-024_r.fit
123,z,40.0,2019-12-19T01:09:49,2,728_b2x2-024_z.fit
124,g,30.0,2019-12-19T01:10:41,2,728_b2x2-025_g.fit
125,i,40.0,2019-12-19T01:12:06,2,728_b2x2-025_i.fit
126,r,30.0,2019-12-19T01:11:24,2,728_b2x2-025_r.fit
127,z,40.0,2019-12-19T01:12:59,2,728_b2x2-025_z.fit
128,g,30.0,2019-12-19T01:13:51,2,728_b2x2-026_g.fit
129,i,40.0,2019-12-19T01:15:16,2,728_b2x2-026_i.fit
130,r,30.0,2019-12-19T01:14:34,2,728_b2x2-026_r.fit
131,z,40.0,2019-12-19T01:16:08,2,728_b2x2-026_z.fit
132,g,30.0,2019-12-19T01:17:00,2,728_b2x2-027_g.fit
133,i,40.0,2019-12-19T01:18:25,2,728_b2x2-027_i.fit
134,r,30.0,2019-12-19T01:17:42,2,728_b2x2-027_r.fit
135,z,40.0,2019-12-19T01:19:17,2,728_b2x2-027_z.fit
136,g,30.0,2019-12-19T01:20:09,2,728_b2x2-028_g.fit
137,i,40.0,2019-12-19T01:21:33,2,728_b2x2-028_i.fit
138,r,30.0,2019-12-19T01:20:51,2,728_b2x2-028_r.fit
139,z,40.0,2019-12-19T01:22:25,2,728_b2x2-028_z.fit
140,g,30.0,2019-12-19T01:23:18,2,728_b2x2-029_g.fit
141,i,40.0,2019-12-19T01:24:42,2,728_b2x2-029_i.fit
142,r,30.0,2019-12-19T01:24:00,2,728_b2x2-029_r.fit
143,z,40.0,2019-12-19T01:25:35,2,728_b2x2-029_z.fit
144,g,30.0,2019-12-19T01:27:24,2,728_b2x2-030_g.fit
145,i,40.0,2019-12-19T01:28:50,2,728_b2x2-030_i.fit
146,r,30.0,2019-12-19T01:28:07,2,728_b2x2-030_r.fit
147,z,40.0,2019-12-19T01:29:42,2,728_b2x2-030_z.fit
148,g,30.0,2019-12-19T01:30:35,2,728_b2x2-031_g.fit
149,i,40.0,2019-12-19T01:32:00,2,728_b2x2-031_i.fit
150,r,30.0,2019-12-19T01:31:18,2,728_b2x2-031_r.fit
151,z,40.0,2019-12-19T01:32:53,2,728_b2x2-031_z.fit
152,g,30.0,2019-12-19T01:33:45,2,728_b2x2-032_g.fit
153,i,40.0,2019-12-19T01:35:10,2,728_b2x2-032_i.fit
154,r,30.0,2019-12-19T01:34:28,2,728_b2x2-032_r.fit
155,z,40.0,2019-12-19T01:36:03,2,728_b2x2-032_z.fit
156,g,30.0,2019-12-19T01:36:54,2,728_b2x2-033_g.fit
157,i,40.0,2019-12-19T01:38:19,2,728_b2x2-033_i.fit
158,r,30.0,2019-12-19T01:37:37,2,728_b2x2-033_r.fit
159,z,40.0,2019-12-19T01:39:11,2,728_b2x2-033_z.fit
160,g,30.0,2019-12-19T01:40:04,2,728_b2x2-034_g.fit
161,i,40.0,2019-12-19T01:41:29,2,728_b2x2-034_i.fit
162,r,30.0,2019-12-19T01:40:46,2,728_b2x2-034_r.fit
163,z,40.0,2019-12-19T01:42:21,2,728_b2x2-034_z.fit
164,g,30.0,2019-12-19T01:43:12,2,728_b2x2-035_g.fit
165,i,40.0,2019-12-19T01:44:37,2,728_b2x2-035_i.fit
166,r,30.0,2019-12-19T01:43:54,2,728_b2x2-035_r.fit
167,z,40.0,2019-12-19T01:45:29,2,728_b2x2-035_z.fit
168,g,40.0,2019-12-19T05:55:11,1,Borisov_40s_b1x1-001_g.fit
169,i,40.0,2019-12-19T05:56:58,1,Borisov_40s_b1x1-001_i.fit
170,r,40.0,2019-12-19T05:56:04,1,Borisov_40s_b1x1-001_r.fit
171,z,40.0,2019-12-19T05:57:51,1,Borisov_40s_b1x1-001_z.fit
172,g,60.0,2019-12-19T05:59:18,1,Borisov_60s_b1x1-001_g.fit
173,i,60.0,2019-12-19T06:01:45,1,Borisov_60s_b1x1-001_i.fit
174,r,60.0,2019-12-19T06:00:31,1,Borisov_60s_b1x1-001_r.fit
175,z,60.0,2019-12-19T06:02:58,1,Borisov_60s_b1x1-001_z.fit
176,g,60.0,2019-12-19T06:04:12,1,Borisov_60s_b1x1-002_g.fit
177,i,60.0,2019-12-19T06:06:39,1,Borisov_60s_b1x1-002_i.fit
178,r,60.0,2019-12-19T06:05:25,1,Borisov_60s_b1x1-002_r.fit
179,z,60.0,2019-12-19T06:07:54,1,Borisov_60s_b1x1-002_z.fit
180,g,60.0,2019-12-19T06:09:07,1,Borisov_60s_b1x1-003_g.fit
181,i,60.0,2019-12-19T06:11:35,1,Borisov_60s_b1x1-003_i.fit
182,r,60.0,2019-12-19T06:10:21,1,Borisov_60s_b1x1-003_r.fit
183,z,60.0,2019-12-19T06:12:50,1,Borisov_60s_b1x1-003_z.fit
184,g,60.0,2019-12-19T06:14:03,1,Borisov_60s_b1x1-004_g.fit
185,g,60.0,2019-12-19T06:15:39,1,Borisov_60s_b1x1-005_g.fit
186,i,60.0,2019-12-19T06:18:07,1,Borisov_60s_b1x1-005_i.fit
187,r,60.0,2019-12-19T06:16:53,1,Borisov_60s_b1x1-005_r.fit
188,z,60.0,2019-12-19T06:19:21,1,Borisov_60s_b1x1-005_z.fit
189,g,60.0,2019-12-19T06:20:34,1,Borisov_60s_b1x1-006_g.fit
190,i,60.0,2019-12-19T06:23:00,1,Borisov_60s_b1x1-006_i.fit
191,r,60.0,2019-12-19T06:21:47,1,Borisov_60s_b1x1-006_r.fit
192,z,60.0,2019-12-19T06:24:14,1,Borisov_60s_b1x1-006_z.fit
193,g,60.0,2019-12-19T06:29:23,1,Borisov_60s_b1x1-007_g.fit
194,i,60.0,2019-12-19T06:31:50,1,Borisov_60s_b1x1-007_i.fit
195,r,60.0,2019-12-19T06:30:37,1,Borisov_60s_b1x1-007_r.fit
196,z,60.0,2019-12-19T06:33:03,1,Borisov_60s_b1x1-007_z.fit
197,g,60.0,2019-12-19T06:34:16,1,Borisov_60s_b1x1-008_g.fit
198,i,60.0,2019-12-19T06:36:43,1,Borisov_60s_b1x1-008_i.fit
199,r,60.0,2019-12-19T06:35:30,1,Borisov_60s_b1x1-008_r.fit
200,z,60.0,2019-12-19T06:37:56,1,Borisov_60s_b1x1-008_z.fit
201,g,60.0,2019-12-19T06:39:10,1,Borisov_60s_b1x1-009_g.fit
202,i,60.0,2019-12-19T06:41:37,1,Borisov_60s_b1x1-009_i.fit
203,r,60.0,2019-12-19T06:40:23,1,Borisov_60s_b1x1-009_r.fit
204,z,60.0,2019-12-19T06:42:51,1,Borisov_60s_b1x1-009_z.fit
205,g,60.0,2019-12-19T06:44:03,1,Borisov_60s_b1x1-010_g.fit
206,i,60.0,2019-12-19T06:46:31,1,Borisov_60s_b1x1-010_i.fit
207,r,60.0,2019-12-19T06:45:17,1,Borisov_60s_b1x1-010_r.fit
208,z,60.0,2019-12-19T06:47:44,1,Borisov_60s_b1x1-010_z.fit
209,g,60.0,2019-12-19T06:48:57,1,Borisov_60s_b1x1-011_g.fit
210,i,60.0,2019-12-19T06:51:24,1,Borisov_60s_b1x1-011_i.fit
211,r,60.0,2019-12-19T06:50:10,1,Borisov_60s_b1x1-011_r.fit
212,z,60.0,2019-12-19T06:52:39,1,Borisov_60s_b1x1-011_z.fit
213,R,6.0,2019-12-19T02:07:28,2,SA95236_6s_b2x2-001_R.fit
214,V,6.0,2019-12-19T02:10:04,2,SA95236_6s_b2x2-001_V.fit
215,R,6.0,2019-12-19T02:07:41,2,SA95236_6s_b2x2-002_R.fit
216,V,6.0,2019-12-19T02:10:17,2,SA95236_6s_b2x2-002_V.fit
217,R,6.0,2019-12-19T02:07:54,2,SA95236_6s_b2x2-003_R.fit
218,V,6.0,2019-12-19T02:10:30,2,SA95236_6s_b2x2-003_V.fit
219,R,6.0,2019-12-19T02:08:07,2,SA95236_6s_b2x2-004_R.fit
220,V,6.0,2019-12-19T02:10:43,2,SA95236_6s_b2x2-004_V.fit
221,R,6.0,2019-12-19T03:38:38,2,SA95236_6s_b2x2-005_R.fit
222,V,6.0,2019-12-19T03:39:27,2,SA95236_6s_b2x2-005_V.fit
223,R,6.0,2019-12-19T03:38:46,2,SA95236_6s_b2x2-006_R.fit
224,V,6.0,2019-12-19T03:39:34,2,SA95236_6s_b2x2-006_V.fit
225,R,6.0,2019-12-19T03:38:53,2,SA95236_6s_b2x2-007_R.fit
226,V,6.0,2019-12-19T03:39:41,2,SA95236_6s_b2x2-007_V.fit
227,R,6.0,2019-12-19T03:39:00,2,SA95236_6s_b2x2-008_R.fit
228,V,6.0,2019-12-19T03:39:48,2,SA95236_6s_b2x2-008_V.fit
229,R,6.0,2019-12-19T04:34:54,2,SA95236_6s_b2x2-009_R.fit
230,V,6.0,2019-12-19T04:35:41,2,SA95236_6s_b2x2-009_V.fit
231,R,6.0,2019-12-19T04:35:02,2,SA95236_6s_b2x2-010_R.fit
232,V,6.0,2019-12-19T04:35:48,2,SA95236_6s_b2x2-010_V.fit
233,R,6.0,2019-12-19T04:35:09,2,SA95236_6s_b2x2-011_R.fit
234,V,6.0,2019-12-19T04:35:55,2,SA95236_6s_b2x2-011_V.fit
235,R,6.0,2019-12-19T04:35:16,2,SA95236_6s_b2x2-012_R.fit
236,V,6.0,2019-12-19T04:36:02,2,SA95236_6s_b2x2-012_V.fit
237,g,6.0,2019-12-19T02:14:01,1,SA95236_b1x1-001_g.fit
238,i,8.0,2019-12-19T02:14:39,1,SA95236_b1x1-001_i.fit
239,r,6.0,2019-12-19T02:14:20,1,SA95236_b1x1-001_r.fit
240,z,8.0,2019-12-19T02:15:01,1,SA95236_b1x1-001_z.fit
241,g,6.0,2019-12-19T02:15:22,1,SA95236_b1x1-002_g.fit
242,i,8.0,2019-12-19T02:16:02,1,SA95236_b1x1-002_i.fit
243,r,6.0,2019-12-19T02:15:42,1,SA95236_b1x1-002_r.fit
244,z,8.0,2019-12-19T02:16:24,1,SA95236_b1x1-002_z.fit
245,g,6.0,2019-12-19T02:16:46,1,SA95236_b1x1-003_g.fit
246,i,8.0,2019-12-19T02:17:27,1,SA95236_b1x1-003_i.fit
247,r,6.0,2019-12-19T02:17:06,1,SA95236_b1x1-003_r.fit
248,z,8.0,2019-12-19T02:17:49,1,SA95236_b1x1-003_z.fit
249,g,6.0,2019-12-19T02:18:11,1,SA95236_b1x1-004_g.fit
250,i,8.0,2019-12-19T02:18:50,1,SA95236_b1x1-004_i.fit
251,r,6.0,2019-12-19T02:18:30,1,SA95236_b1x1-004_r.fit
252,z,8.0,2019-12-19T02:19:11,1,SA95236_b1x1-004_z.fit
253,g,6.0,2019-12-19T03:22:49,1,SA95236_b1x1-005_g.fit
254,i,8.0,2019-12-19T03:23:28,1,SA95236_b1x1-005_i.fit
255,r,6.0,2019-12-19T03:23:08,1,SA95236_b1x1-005_r.fit
256,z,8.0,2019-12-19T03:23:49,1,SA95236_b1x1-005_z.fit
257,g,6.0,2019-12-19T03:24:10,1,SA95236_b1x1-006_g.fit
258,i,8.0,2019-12-19T03:24:48,1,SA95236_b1x1-006_i.fit
259,r,6.0,2019-12-19T03:24:29,1,SA95236_b1x1-006_r.fit
260,z,8.0,2019-12-19T03:25:09,1,SA95236_b1x1-006_z.fit
261,g,6.0,2019-12-19T03:25:30,1,SA95236_b1x1-007_g.fit
262,i,8.0,2019-12-19T03:26:08,1,SA95236_b1x1-007_i.fit
263,r,6.0,2019-12-19T03:25:49,1,SA95236_b1x1-007_r.fit
264,z,8.0,2019-12-19T03:26:29,1,SA95236_b1x1-007_z.fit
265,g,6.0,2019-12-19T03:26:50,1,SA95236_b1x1-008_g.fit
266,i,8.0,2019-12-19T03:27:29,1,SA95236_b1x1-008_i.fit
267,r,6.0,2019-12-19T03:27:10,1,SA95236_b1x1-008_r.fit
268,z,8.0,2019-12-19T03:27:50,1,SA95236_b1x1-008_z.fit
269,g,6.0,2019-12-19T04:27:00,1,SA95236_b1x1-009_g.fit
270,i,8.0,2019-12-19T04:27:38,1,SA95236_b1x1-009_i.fit
271,r,6.0,2019-12-19T04:27:19,1,SA95236_b1x1-009_r.fit
272,z,8.0,2019-12-19T04:27:59,1,SA95236_b1x1-009_z.fit
273,g,6.0,2019-12-19T04:28:20,1,SA95236_b1x1-010_g.fit
274,i,8.0,2019-12-19T04:28:59,1,SA95236_b1x1-010_i.fit
275,r,6.0,2019-12-19T04:28:39,1,SA95236_b1x1-010_r.fit
276,z,8.0,2019-12-19T04:29:20,1,SA95236_b1x1-010_z.fit
277,g,6.0,2019-12-19T04:29:41,1,SA95236_b1x1-011_g.fit
278,i,8.0,2019-12-19T04:30:19,1,SA95236_b1x1-011_i.fit
279,r,6.0,2019-12-19T04:30:00,1,SA95236_b1x1-011_r.fit
280,z,8.0,2019-12-19T04:30:40,1,SA95236_b1x1-011_z.fit
281,g,6.0,2019-12-19T04:31:01,1,SA95236_b1x1-012_g.fit
282,i,8.0,2019-12-19T04:31:41,1,SA95236_b1x1-012_i.fit
283,r,6.0,2019-12-19T04:31:21,1,SA95236_b1x1-012_r.fit
284,z,8.0,2019-12-19T04:32:02,1,SA95236_b1x1-012_z.fit
285,g,6.0,2019-12-19T04:32:20,1,SA95236_b1x1-013_g.fit
286,i,8.0,2019-12-19T04:33:00,1,SA95236_b1x1-013_i.fit
287,r,6.0,2019-12-19T04:32:40,1,SA95236_b1x1-013_r.fit
288,z,8.0,2019-12-19T04:33:21,1,SA95236_b1x1-013_z.fit
289,g,6.0,2019-12-19T02:00:45,2,SA95236_b2x2-001_g.fit
290,i,8.0,2019-12-19T02:01:22,2,SA95236_b2x2-001_i.fit
291,r,6.0,2019-12-19T02:01:03,2,SA95236_b2x2-001_r.fit
292,z,8.0,2019-12-19T02:01:43,2,SA95236_b2x2-001_z.fit
293,g,6.0,2019-12-19T02:02:04,2,SA95236_b2x2-002_g.fit
294,i,8.0,2019-12-19T02:02:41,2,SA95236_b2x2-002_i.fit
295,r,6.0,2019-12-19T02:02:22,2,SA95236_b2x2-002_r.fit
296,z,8.0,2019-12-19T02:03:02,2,SA95236_b2x2-002_z.fit
297,g,6.0,2019-12-19T02:03:23,2,SA95236_b2x2-003_g.fit
298,i,8.0,2019-12-19T02:04:00,2,SA95236_b2x2-003_i.fit
299,r,6.0,2019-12-19T02:03:41,2,SA95236_b2x2-003_r.fit
300,z,8.0,2019-12-19T02:04:21,2,SA95236_b2x2-003_z.fit
301,g,6.0,2019-12-19T02:04:42,2,SA95236_b2x2-004_g.fit
302,i,8.0,2019-12-19T02:05:19,2,SA95236_b2x2-004_i.fit
303,r,6.0,2019-12-19T02:05:00,2,SA95236_b2x2-004_r.fit
304,z,8.0,2019-12-19T02:05:40,2,SA95236_b2x2-004_z.fit
305,g,6.0,2019-12-19T03:31:54,2,SA95236_b2x2-005_g.fit
306,i,8.0,2019-12-19T03:32:30,2,SA95236_b2x2-005_i.fit
307,r,6.0,2019-12-19T03:32:12,2,SA95236_b2x2-005_r.fit
308,z,8.0,2019-12-19T03:32:50,2,SA95236_b2x2-005_z.fit
309,g,6.0,2019-12-19T03:33:09,2,SA95236_b2x2-006_g.fit
310,i,8.0,2019-12-19T03:33:44,2,SA95236_b2x2-006_i.fit
311,r,6.0,2019-12-19T03:33:27,2,SA95236_b2x2-006_r.fit
312,z,8.0,2019-12-19T03:34:03,2,SA95236_b2x2-006_z.fit
313,g,6.0,2019-12-19T03:34:23,2,SA95236_b2x2-007_g.fit
314,i,8.0,2019-12-19T03:34:58,2,SA95236_b2x2-007_i.fit
315,r,6.0,2019-12-19T03:34:41,2,SA95236_b2x2-007_r.fit
316,z,8.0,2019-12-19T03:35:18,2,SA95236_b2x2-007_z.fit
317,g,6.0,2019-12-19T03:35:37,2,SA95236_b2x2-008_g.fit
318,i,8.0,2019-12-19T03:36:12,2,SA95236_b2x2-008_i.fit
319,r,6.0,2019-12-19T03:35:55,2,SA95236_b2x2-008_r.fit
320,z,8.0,2019-12-19T03:36:32,2,SA95236_b2x2-008_z.fit
321,g,6.0,2019-12-19T04:20:36,2,SA95236_b2x2-009_g.fit
322,i,8.0,2019-12-19T04:21:11,2,SA95236_b2x2-009_i.fit
323,r,6.0,2019-12-19T04:20:54,2,SA95236_b2x2-009_r.fit
324,z,8.0,2019-12-19T04:21:30,2,SA95236_b2x2-009_z.fit
325,g,6.0,2019-12-19T04:21:49,2,SA95236_b2x2-010_g.fit
326,i,8.0,2019-12-19T04:22:24,2,SA95236_b2x2-010_i.fit
327,r,6.0,2019-12-19T04:22:07,2,SA95236_b2x2-010_r.fit
328,z,8.0,2019-12-19T04:22:44,2,SA95236_b2x2-010_z.fit
329,g,6.0,2019-12-19T04:23:02,2,SA95236_b2x2-011_g.fit
330,i,8.0,2019-12-19T04:23:39,2,SA95236_b2x2-011_i.fit
331,r,6.0,2019-12-19T04:23:21,2,SA95236_b2x2-011_r.fit
332,z,8.0,2019-12-19T04:23:58,2,SA95236_b2x2-011_z.fit
333,g,6.0,2019-12-19T04:24:18,2,SA95236_b2x2-012_g.fit
334,i,8.0,2019-12-19T04:24:53,2,SA95236_b2x2-012_i.fit
335,r,6.0,2019-12-19T04:24:35,2,SA95236_b2x2-012_r.fit
336,z,8.0,2019-12-19T04:25:12,2,SA95236_b2x2-012_z.fit
0,R,240.0,2019-12-19T21:32:26,2,2005TG45_240_b2x2-001_R.fit
1,R,240.0,2019-12-19T21:37:08,2,2005TG45_240_b2x2-002_R.fit
2,R,240.0,2019-12-19T21:41:10,2,2005TG45_240_b2x2-003_R.fit
3,R,220.0,2019-12-20T04:44:09,2,2017YH_220s_b2x2-001_R.fit
4,R,220.0,2019-12-20T04:47:50,2,2017YH_220s_b2x2-002_R.fit
5,R,220.0,2019-12-20T04:51:32,2,2017YH_220s_b2x2-003_R.fit
6,R,220.0,2019-12-20T04:55:13,2,2017YH_220s_b2x2-004_R.fit
7,R,220.0,2019-12-20T04:58:55,2,2017YH_220s_b2x2-005_R.fit
8,R,220.0,2019-12-20T05:02:36,2,2017YH_220s_b2x2-006_R.fit
9,R,220.0,2019-12-20T05:06:18,2,2017YH_220s_b2x2-007_R.fit
10,R,220.0,2019-12-20T05:09:59,2,2017YH_220s_b2x2-008_R.fit
11,R,220.0,2019-12-20T05:13:40,2,2017YH_220s_b2x2-009_R.fit
12,R,220.0,2019-12-20T05:17:22,2,2017YH_220s_b2x2-010_R.fit
13,R,220.0,2019-12-20T05:21:28,2,2017YH_220s_b2x2-011_R.fit
14,R,220.0,2019-12-20T05:25:09,2,2017YH_220s_b2x2-012_R.fit
15,R,220.0,2019-12-20T05:28:50,2,2017YH_220s_b2x2-013_R.fit
16,R,220.0,2019-12-20T05:32:32,2,2017YH_220s_b2x2-014_R.fit
17,R,220.0,2019-12-20T05:36:13,2,2017YH_220s_b2x2-015_R.fit
18,R,220.0,2019-12-20T05:42:14,2,2017YH_220s_b2x2-016_R.fit
19,R,220.0,2019-12-20T05:45:56,2,2017YH_220s_b2x2-017_R.fit
20,R,220.0,2019-12-20T05:49:37,2,2017YH_220s_b2x2-018_R.fit
21,R,220.0,2019-12-20T05:53:19,2,2017YH_220s_b2x2-019_R.fit
22,R,220.0,2019-12-20T05:57:00,2,2017YH_220s_b2x2-020_R.fit
23,R,220.0,2019-12-20T06:00:41,2,2017YH_220s_b2x2-021_R.fit
24,R,220.0,2019-12-20T06:04:23,2,2017YH_220s_b2x2-022_R.fit
25,R,220.0,2019-12-20T06:08:04,2,2017YH_220s_b2x2-023_R.fit
26,R,220.0,2019-12-20T06:11:46,2,2017YH_220s_b2x2-024_R.fit
27,R,220.0,2019-12-20T06:15:27,2,2017YH_220s_b2x2-025_R.fit
28,R,220.0,2019-12-20T06:21:00,2,2017YH_220s_b2x2-026_R.fit
29,R,220.0,2019-12-20T06:24:41,2,2017YH_220s_b2x2-027_R.fit
30,R,220.0,2019-12-20T06:28:23,2,2017YH_220s_b2x2-028_R.fit
31,R,220.0,2019-12-20T06:32:04,2,2017YH_220s_b2x2-029_R.fit
32,R,220.0,2019-12-20T06:35:46,2,2017YH_220s_b2x2-030_R.fit
33,R,220.0,2019-12-20T06:39:27,2,2017YH_220s_b2x2-031_R.fit
34,R,220.0,2019-12-20T06:43:09,2,2017YH_220s_b2x2-032_R.fit
35,R,220.0,2019-12-20T06:46:50,2,2017YH_220s_b2x2-033_R.fit
36,R,220.0,2019-12-20T06:50:31,2,2017YH_220s_b2x2-034_R.fit
37,R,220.0,2019-12-20T06:54:13,2,2017YH_220s_b2x2-035_R.fit
38,g,40.0,2019-12-19T23:03:46,2,728_40s_b2x2-001_g.fit
39,i,40.0,2019-12-19T23:05:29,2,728_40s_b2x2-001_i.fit
40,r,40.0,2019-12-19T23:04:38,2,728_40s_b2x2-001_r.fit
41,z,40.0,2019-12-19T23:06:19,2,728_40s_b2x2-001_z.fit
42,g,40.0,2019-12-19T23:07:10,2,728_40s_b2x2-002_g.fit
43,i,40.0,2019-12-19T23:08:52,2,728_40s_b2x2-002_i.fit
44,r,40.0,2019-12-19T23:08:01,2,728_40s_b2x2-002_r.fit
45,z,40.0,2019-12-19T23:09:42,2,728_40s_b2x2-002_z.fit
46,g,40.0,2019-12-19T23:14:10,2,728_40s_b2x2-003_g.fit
47,i,40.0,2019-12-19T23:15:51,2,728_40s_b2x2-003_i.fit
48,r,40.0,2019-12-19T23:15:01,2,728_40s_b2x2-003_r.fit
49,z,40.0,2019-12-19T23:16:42,2,728_40s_b2x2-003_z.fit
50,g,40.0,2019-12-19T23:17:32,2,728_40s_b2x2-004_g.fit
51,i,40.0,2019-12-19T23:19:15,2,728_40s_b2x2-004_i.fit
52,r,40.0,2019-12-19T23:18:24,2,728_40s_b2x2-004_r.fit
53,z,40.0,2019-12-19T23:20:06,2,728_40s_b2x2-004_z.fit
54,g,40.0,2019-12-19T23:20:57,2,728_40s_b2x2-005_g.fit
55,i,40.0,2019-12-19T23:22:38,2,728_40s_b2x2-005_i.fit
56,r,40.0,2019-12-19T23:21:47,2,728_40s_b2x2-005_r.fit
57,z,40.0,2019-12-19T23:23:29,2,728_40s_b2x2-005_z.fit
58,g,40.0,2019-12-19T23:24:20,2,728_40s_b2x2-006_g.fit
59,i,40.0,2019-12-19T23:26:01,2,728_40s_b2x2-006_i.fit
60,r,40.0,2019-12-19T23:25:10,2,728_40s_b2x2-006_r.fit
61,z,40.0,2019-12-19T23:26:52,2,728_40s_b2x2-006_z.fit
62,g,40.0,2019-12-19T23:27:43,2,728_40s_b2x2-007_g.fit
63,i,40.0,2019-12-19T23:29:24,2,728_40s_b2x2-007_i.fit
64,r,40.0,2019-12-19T23:28:34,2,728_40s_b2x2-007_r.fit
65,z,40.0,2019-12-19T23:30:15,2,728_40s_b2x2-007_z.fit
66,g,40.0,2019-12-19T23:32:01,2,728_40s_b2x2-008_g.fit
67,i,40.0,2019-12-19T23:33:43,2,728_40s_b2x2-008_i.fit
68,r,40.0,2019-12-19T23:32:52,2,728_40s_b2x2-008_r.fit
69,z,40.0,2019-12-19T23:34:34,2,728_40s_b2x2-008_z.fit
70,g,40.0,2019-12-19T23:35:23,2,728_40s_b2x2-009_g.fit
71,i,40.0,2019-12-19T23:37:05,2,728_40s_b2x2-009_i.fit
72,r,40.0,2019-12-19T23:36:14,2,728_40s_b2x2-009_r.fit
73,z,40.0,2019-12-19T23:37:56,2,728_40s_b2x2-009_z.fit
74,g,40.0,2019-12-19T23:38:47,2,728_40s_b2x2-010_g.fit
75,i,40.0,2019-12-19T23:40:28,2,728_40s_b2x2-010_i.fit
76,r,40.0,2019-12-19T23:39:37,2,728_40s_b2x2-010_r.fit
77,z,40.0,2019-12-19T23:41:19,2,728_40s_b2x2-010_z.fit
78,g,40.0,2019-12-19T23:42:10,2,728_40s_b2x2-011_g.fit
79,i,40.0,2019-12-19T23:43:51,2,728_40s_b2x2-011_i.fit
80,r,40.0,2019-12-19T23:43:00,2,728_40s_b2x2-011_r.fit
81,z,40.0,2019-12-19T23:44:42,2,728_40s_b2x2-011_z.fit
82,g,40.0,2019-12-19T23:45:32,2,728_40s_b2x2-012_g.fit
83,i,40.0,2019-12-19T23:47:13,2,728_40s_b2x2-012_i.fit
84,r,40.0,2019-12-19T23:46:23,2,728_40s_b2x2-012_r.fit
85,z,40.0,2019-12-19T23:48:04,2,728_40s_b2x2-012_z.fit
86,g,40.0,2019-12-19T23:53:20,2,728_40s_b2x2-013_g.fit
87,i,40.0,2019-12-19T23:54:59,2,728_40s_b2x2-013_i.fit
88,r,40.0,2019-12-19T23:54:10,2,728_40s_b2x2-013_r.fit
89,z,40.0,2019-12-19T23:55:50,2,728_40s_b2x2-013_z.fit
90,g,40.0,2019-12-19T23:56:40,2,728_40s_b2x2-014_g.fit
91,i,40.0,2019-12-19T23:58:22,2,728_40s_b2x2-014_i.fit
92,r,40.0,2019-12-19T23:57:31,2,728_40s_b2x2-014_r.fit
93,z,40.0,2019-12-19T23:59:13,2,728_40s_b2x2-014_z.fit
94,g,40.0,2019-12-20T00:00:04,2,728_40s_b2x2-015_g.fit
95,i,40.0,2019-12-20T00:01:45,2,728_40s_b2x2-015_i.fit
96,r,40.0,2019-12-20T00:00:55,2,728_40s_b2x2-015_r.fit
97,z,40.0,2019-12-20T00:02:36,2,728_40s_b2x2-015_z.fit
98,g,40.0,2019-12-20T00:03:27,2,728_40s_b2x2-016_g.fit
99,i,40.0,2019-12-20T00:05:09,2,728_40s_b2x2-016_i.fit
100,r,40.0,2019-12-20T00:04:18,2,728_40s_b2x2-016_r.fit
101,z,40.0,2019-12-20T00:05:59,2,728_40s_b2x2-016_z.fit
102,g,40.0,2019-12-20T00:06:50,2,728_40s_b2x2-017_g.fit
103,i,40.0,2019-12-20T00:08:31,2,728_40s_b2x2-017_i.fit
104,r,40.0,2019-12-20T00:07:41,2,728_40s_b2x2-017_r.fit
105,z,40.0,2019-12-20T00:09:22,2,728_40s_b2x2-017_z.fit
106,g,40.0,2019-12-20T00:38:03,2,728_40s_b2x2-018_g.fit
107,i,40.0,2019-12-20T00:39:45,2,728_40s_b2x2-018_i.fit
108,r,40.0,2019-12-20T00:38:54,2,728_40s_b2x2-018_r.fit
109,z,40.0,2019-12-20T00:40:35,2,728_40s_b2x2-018_z.fit
110,g,40.0,2019-12-20T00:41:26,2,728_40s_b2x2-019_g.fit
111,i,40.0,2019-12-20T00:43:08,2,728_40s_b2x2-019_i.fit
112,r,40.0,2019-12-20T00:42:17,2,728_40s_b2x2-019_r.fit
113,z,40.0,2019-12-20T00:43:59,2,728_40s_b2x2-019_z.fit
114,g,40.0,2019-12-20T00:44:50,2,728_40s_b2x2-020_g.fit
115,i,40.0,2019-12-20T00:46:33,2,728_40s_b2x2-020_i.fit
116,r,40.0,2019-12-20T00:45:41,2,728_40s_b2x2-020_r.fit
117,z,40.0,2019-12-20T00:47:23,2,728_40s_b2x2-020_z.fit
118,g,40.0,2019-12-20T00:48:14,2,728_40s_b2x2-021_g.fit
119,i,40.0,2019-12-20T00:49:56,2,728_40s_b2x2-021_i.fit
120,r,40.0,2019-12-20T00:49:05,2,728_40s_b2x2-021_r.fit
121,z,40.0,2019-12-20T00:50:46,2,728_40s_b2x2-021_z.fit
122,g,40.0,2019-12-20T00:51:37,2,728_40s_b2x2-022_g.fit
123,i,40.0,2019-12-20T00:53:19,2,728_40s_b2x2-022_i.fit
124,r,40.0,2019-12-20T00:52:28,2,728_40s_b2x2-022_r.fit
125,z,40.0,2019-12-20T00:54:10,2,728_40s_b2x2-022_z.fit
126,g,40.0,2019-12-20T00:58:17,2,728_40s_b2x2-023_g.fit
127,i,40.0,2019-12-20T00:59:59,2,728_40s_b2x2-023_i.fit
128,r,40.0,2019-12-20T00:59:08,2,728_40s_b2x2-023_r.fit
129,z,40.0,2019-12-20T01:00:50,2,728_40s_b2x2-023_z.fit
130,g,40.0,2019-12-20T01:01:41,2,728_40s_b2x2-024_g.fit
131,i,40.0,2019-12-20T01:03:22,2,728_40s_b2x2-024_i.fit
132,r,40.0,2019-12-20T01:02:31,2,728_40s_b2x2-024_r.fit
133,z,40.0,2019-12-20T01:04:14,2,728_40s_b2x2-024_z.fit
134,g,40.0,2019-12-20T01:05:05,2,728_40s_b2x2-025_g.fit
135,i,40.0,2019-12-20T01:06:47,2,728_40s_b2x2-025_i.fit
136,r,40.0,2019-12-20T01:05:56,2,728_40s_b2x2-025_r.fit
137,z,40.0,2019-12-20T01:07:38,2,728_40s_b2x2-025_z.fit
138,g,40.0,2019-12-20T01:08:29,2,728_40s_b2x2-026_g.fit
139,r,40.0,2019-12-20T01:09:21,2,728_40s_b2x2-026_r.fit
0,R,240.0,2019-12-21T01:58:38,2,2001WN5_240s_b2x2-001_R.fit
1,V,240.0,2019-12-21T02:02:46,2,2001WN5_240s_b2x2-001_V.fit
2,R,240.0,2019-12-21T02:06:49,2,2001WN5_240s_b2x2-002_R.fit
3,V,240.0,2019-12-21T02:10:56,2,2001WN5_240s_b2x2-002_V.fit
4,R,240.0,2019-12-21T02:15:00,2,2001WN5_240s_b2x2-003_R.fit
5,V,240.0,2019-12-21T02:19:07,2,2001WN5_240s_b2x2-003_V.fit
6,R,240.0,2019-12-21T02:23:10,2,2001WN5_240s_b2x2-004_R.fit
7,V,240.0,2019-12-21T02:27:18,2,2001WN5_240s_b2x2-004_V.fit
8,R,120.0,2019-12-21T03:08:00,2,22322_120s_b2x2-001_R.fit
9,V,120.0,2019-12-21T03:10:08,2,22322_120s_b2x2-001_V.fit
10,R,120.0,2019-12-21T03:12:11,2,22322_120s_b2x2-002_R.fit
11,V,120.0,2019-12-21T03:14:19,2,22322_120s_b2x2-002_V.fit
12,R,120.0,2019-12-21T03:16:22,2,22322_120s_b2x2-003_R.fit
13,V,120.0,2019-12-21T03:18:29,2,22322_120s_b2x2-003_V.fit
14,R,120.0,2019-12-21T03:20:32,2,22322_120s_b2x2-004_R.fit
15,V,120.0,2019-12-21T03:22:40,2,22322_120s_b2x2-004_V.fit
16,R,120.0,2019-12-21T02:34:18,2,23122_120s_b2x2-001_R.fit
17,V,120.0,2019-12-21T02:36:26,2,23122_120s_b2x2-001_V.fit
18,R,120.0,2019-12-21T02:38:29,2,23122_120s_b2x2-002_R.fit
19,V,120.0,2019-12-21T02:40:36,2,23122_120s_b2x2-002_V.fit
20,R,120.0,2019-12-21T02:42:39,2,23122_120s_b2x2-003_R.fit
21,V,120.0,2019-12-21T02:44:47,2,23122_120s_b2x2-003_V.fit
22,R,120.0,2019-12-21T02:46:50,2,23122_120s_b2x2-004_R.fit
23,g,120.0,2019-12-21T05:40:10,1,2IBorisov_120s_b1x1-001_g.fit
24,i,120.0,2019-12-21T05:53:30,1,2IBorisov_120s_b1x1-001_i.fit
25,r,120.0,2019-12-21T05:42:26,1,2IBorisov_120s_b1x1-001_r.fit
26,z,120.0,2019-12-21T05:55:46,1,2IBorisov_120s_b1x1-001_z.fit
27,g,120.0,2019-12-21T05:58:15,1,2IBorisov_120s_b1x1-002_g.fit
28,i,120.0,2019-12-21T06:02:47,1,2IBorisov_120s_b1x1-002_i.fit
29,r,120.0,2019-12-21T06:00:31,1,2IBorisov_120s_b1x1-002_r.fit
30,z,120.0,2019-12-21T06:05:03,1,2IBorisov_120s_b1x1-002_z.fit
31,g,120.0,2019-12-21T06:08:40,1,2IBorisov_120s_b1x1-003_g.fit
32,i,120.0,2019-12-21T06:13:12,1,2IBorisov_120s_b1x1-003_i.fit
33,r,120.0,2019-12-21T06:10:56,1,2IBorisov_120s_b1x1-003_r.fit
34,z,120.0,2019-12-21T06:15:28,1,2IBorisov_120s_b1x1-003_z.fit
35,g,120.0,2019-12-21T06:17:44,1,2IBorisov_120s_b1x1-004_g.fit
36,i,120.0,2019-12-21T06:22:18,1,2IBorisov_120s_b1x1-004_i.fit
37,r,120.0,2019-12-21T06:20:02,1,2IBorisov_120s_b1x1-004_r.fit
38,z,120.0,2019-12-21T06:24:34,1,2IBorisov_120s_b1x1-004_z.fit
39,g,120.0,2019-12-21T06:27:47,1,2IBorisov_120s_b1x1-005_g.fit
40,i,120.0,2019-12-21T06:32:19,1,2IBorisov_120s_b1x1-005_i.fit
41,r,120.0,2019-12-21T06:30:03,1,2IBorisov_120s_b1x1-005_r.fit
42,z,120.0,2019-12-21T06:34:36,1,2IBorisov_120s_b1x1-005_z.fit
43,g,120.0,2019-12-21T06:36:54,1,2IBorisov_120s_b1x1-006_g.fit
44,i,120.0,2019-12-21T06:41:27,1,2IBorisov_120s_b1x1-006_i.fit
45,r,120.0,2019-12-21T06:39:10,1,2IBorisov_120s_b1x1-006_r.fit
46,z,120.0,2019-12-21T06:43:43,1,2IBorisov_120s_b1x1-006_z.fit
47,R,120.0,2019-12-21T03:29:17,2,45444_120s_b2x2-001_R.fit
48,V,120.0,2019-12-21T03:31:25,2,45444_120s_b2x2-001_V.fit
49,R,120.0,2019-12-21T03:33:28,2,45444_120s_b2x2-002_R.fit
50,V,120.0,2019-12-21T03:35:35,2,45444_120s_b2x2-002_V.fit
51,R,120.0,2019-12-21T03:37:38,2,45444_120s_b2x2-003_R.fit
52,V,120.0,2019-12-21T03:39:46,2,45444_120s_b2x2-003_V.fit
53,R,120.0,2019-12-21T03:41:49,2,45444_120s_b2x2-004_R.fit
54,V,120.0,2019-12-21T03:43:56,2,45444_120s_b2x2-004_V.fit
55,g,80.0,2019-12-20T23:30:21,2,728_80s_b2x2-001_g.fit
56,i,80.0,2019-12-20T23:33:22,2,728_80s_b2x2-001_i.fit
57,r,80.0,2019-12-20T23:31:52,2,728_80s_b2x2-001_r.fit
58,z,80.0,2019-12-20T23:34:52,2,728_80s_b2x2-001_z.fit
59,g,80.0,2019-12-20T23:36:19,2,728_80s_b2x2-002_g.fit
60,i,80.0,2019-12-20T23:39:22,2,728_80s_b2x2-002_i.fit
61,r,80.0,2019-12-20T23:37:51,2,728_80s_b2x2-002_r.fit
62,z,80.0,2019-12-20T23:40:52,2,728_80s_b2x2-002_z.fit
63,g,80.0,2019-12-20T23:43:25,2,728_80s_b2x2-003_g.fit
64,i,80.0,2019-12-20T23:46:26,2,728_80s_b2x2-003_i.fit
65,r,80.0,2019-12-20T23:44:56,2,728_80s_b2x2-003_r.fit
66,z,80.0,2019-12-20T23:47:57,2,728_80s_b2x2-003_z.fit
67,g,80.0,2019-12-20T23:49:25,2,728_80s_b2x2-004_g.fit
68,i,80.0,2019-12-20T23:52:27,2,728_80s_b2x2-004_i.fit
69,r,80.0,2019-12-20T23:50:56,2,728_80s_b2x2-004_r.fit
70,z,80.0,2019-12-20T23:53:57,2,728_80s_b2x2-004_z.fit
71,g,80.0,2019-12-20T23:59:37,2,728_80s_b2x2-005_g.fit
72,i,80.0,2019-12-21T00:02:38,2,728_80s_b2x2-005_i.fit
73,r,80.0,2019-12-21T00:01:07,2,728_80s_b2x2-005_r.fit
74,z,80.0,2019-12-21T00:04:09,2,728_80s_b2x2-005_z.fit
75,g,80.0,2019-12-21T00:06:12,2,728_80s_b2x2-006_g.fit
76,i,80.0,2019-12-21T00:09:21,2,728_80s_b2x2-006_i.fit
77,r,80.0,2019-12-21T00:07:47,2,728_80s_b2x2-006_r.fit
78,z,80.0,2019-12-21T00:10:56,2,728_80s_b2x2-006_z.fit
79,g,80.0,2019-12-21T00:13:35,2,728_80s_b2x2-007_g.fit
80,i,80.0,2019-12-21T00:16:45,2,728_80s_b2x2-007_i.fit
81,r,80.0,2019-12-21T00:15:10,2,728_80s_b2x2-007_r.fit
82,z,80.0,2019-12-21T00:18:19,2,728_80s_b2x2-007_z.fit
83,g,80.0,2019-12-21T00:19:54,2,728_80s_b2x2-008_g.fit
84,i,80.0,2019-12-21T00:23:04,2,728_80s_b2x2-008_i.fit
85,r,80.0,2019-12-21T00:21:29,2,728_80s_b2x2-008_r.fit
86,z,80.0,2019-12-21T00:24:38,2,728_80s_b2x2-008_z.fit
87,g,80.0,2019-12-21T00:27:04,2,728_80s_b2x2-009_g.fit
88,i,80.0,2019-12-21T00:30:13,2,728_80s_b2x2-009_i.fit
89,r,80.0,2019-12-21T00:28:38,2,728_80s_b2x2-009_r.fit
90,z,80.0,2019-12-21T00:31:48,2,728_80s_b2x2-009_z.fit
91,g,80.0,2019-12-21T00:33:21,2,728_80s_b2x2-010_g.fit
92,i,80.0,2019-12-21T00:36:32,2,728_80s_b2x2-010_i.fit
93,r,80.0,2019-12-21T00:34:57,2,728_80s_b2x2-010_r.fit
94,z,80.0,2019-12-21T00:38:07,2,728_80s_b2x2-010_z.fit
95,g,80.0,2019-12-21T00:40:35,2,728_80s_b2x2-011_g.fit
96,i,80.0,2019-12-21T00:43:45,2,728_80s_b2x2-011_i.fit
97,r,80.0,2019-12-21T00:42:09,2,728_80s_b2x2-011_r.fit
98,z,80.0,2019-12-21T00:45:20,2,728_80s_b2x2-011_z.fit
99,g,80.0,2019-12-21T00:47:19,2,728_80s_b2x2-012_g.fit
100,i,80.0,2019-12-21T00:50:29,2,728_80s_b2x2-012_i.fit
101,r,80.0,2019-12-21T00:48:54,2,728_80s_b2x2-012_r.fit
102,z,80.0,2019-12-21T00:52:04,2,728_80s_b2x2-012_z.fit
103,g,80.0,2019-12-21T00:54:44,2,728_80s_b2x2-013_g.fit
104,i,80.0,2019-12-21T00:57:53,2,728_80s_b2x2-013_i.fit
105,r,80.0,2019-12-21T00:56:18,2,728_80s_b2x2-013_r.fit
106,z,80.0,2019-12-21T00:59:28,2,728_80s_b2x2-013_z.fit
107,g,80.0,2019-12-21T01:01:03,2,728_80s_b2x2-014_g.fit
108,i,80.0,2019-12-21T01:04:13,2,728_80s_b2x2-014_i.fit
109,r,80.0,2019-12-21T01:02:38,2,728_80s_b2x2-014_r.fit
110,z,80.0,2019-12-21T01:05:48,2,728_80s_b2x2-014_z.fit
111,g,80.0,2019-12-21T01:07:46,2,728_80s_b2x2-015_g.fit
112,i,80.0,2019-12-21T01:10:55,2,728_80s_b2x2-015_i.fit
113,r,80.0,2019-12-21T01:09:21,2,728_80s_b2x2-015_r.fit
114,z,80.0,2019-12-21T01:12:31,2,728_80s_b2x2-015_z.fit
115,g,80.0,2019-12-21T01:14:07,2,728_80s_b2x2-016_g.fit
116,i,80.0,2019-12-21T01:17:17,2,728_80s_b2x2-016_i.fit
117,r,80.0,2019-12-21T01:15:42,2,728_80s_b2x2-016_r.fit
118,z,80.0,2019-12-21T01:18:52,2,728_80s_b2x2-016_z.fit
119,g,80.0,2019-12-21T01:21:54,2,728_80s_b2x2-017_g.fit
120,i,80.0,2019-12-21T01:25:04,2,728_80s_b2x2-017_i.fit
121,r,80.0,2019-12-21T01:23:29,2,728_80s_b2x2-017_r.fit
122,z,80.0,2019-12-21T01:26:39,2,728_80s_b2x2-017_z.fit
123,g,80.0,2019-12-21T01:28:14,2,728_80s_b2x2-018_g.fit
124,i,80.0,2019-12-21T01:31:25,2,728_80s_b2x2-018_i.fit
125,r,80.0,2019-12-21T01:29:50,2,728_80s_b2x2-018_r.fit
126,z,80.0,2019-12-21T01:33:00,2,728_80s_b2x2-018_z.fit
127,i,120.0,2019-12-21T06:47:19,1,Ditter_2IBorisov_120s_b1x1-001_i.fit
128,z,120.0,2019-12-21T06:49:35,1,Ditter_2IBorisov_120s_b1x1-001_z.fit
129,i,120.0,2019-12-21T06:51:51,1,Ditter_2IBorisov_120s_b1x1-002_i.fit
130,z,120.0,2019-12-21T06:54:08,1,Ditter_2IBorisov_120s_b1x1-002_z.fit
131,i,120.0,2019-12-21T06:57:04,1,Ditter_2IBorisov_120s_b1x1-003_i.fit
132,z,120.0,2019-12-21T06:59:20,1,Ditter_2IBorisov_120s_b1x1-003_z.fit
133,i,120.0,2019-12-21T07:01:36,1,Ditter_2IBorisov_120s_b1x1-004_i.fit
134,z,120.0,2019-12-21T07:03:54,1,Ditter_2IBorisov_120s_b1x1-004_z.fit
135,i,120.0,2019-12-21T07:06:11,1,Ditter_2IBorisov_120s_b1x1-005_i.fit
136,z,120.0,2019-12-21T07:08:28,1,Ditter_2IBorisov_120s_b1x1-005_z.fit
137,i,120.0,2019-12-21T07:10:45,1,Ditter_2IBorisov_120s_b1x1-006_i.fit
138,z,120.0,2019-12-21T07:13:02,1,Ditter_2IBorisov_120s_b1x1-006_z.fit
139,i,120.0,2019-12-21T07:15:19,1,Ditter_2IBorisov_120s_b1x1-007_i.fit
140,z,120.0,2019-12-21T07:17:36,1,Ditter_2IBorisov_120s_b1x1-007_z.fit
141,R,0.4,2019-12-20T23:10:48,2,M_BD+31649_0.4s_b2x2-001_R.fit
142,R,0.4,2019-12-20T23:10:50,2,M_BD+31649_0.4s_b2x2-002_R.fit
143,R,0.4,2019-12-20T23:10:52,2,M_BD+31649_0.4s_b2x2-003_R.fit
144,R,0.4,2019-12-20T23:10:53,2,M_BD+31649_0.4s_b2x2-004_R.fit
145,R,0.4,2019-12-20T23:10:55,2,M_BD+31649_0.4s_b2x2-005_R.fit
146,R,0.4,2019-12-20T23:10:57,2,M_BD+31649_0.4s_b2x2-006_R.fit
147,R,0.4,2019-12-20T23:10:59,2,M_BD+31649_0.4s_b2x2-007_R.fit
148,R,0.4,2019-12-20T23:11:00,2,M_BD+31649_0.4s_b2x2-008_R.fit
149,R,0.4,2019-12-20T23:11:02,2,M_BD+31649_0.4s_b2x2-009_R.fit
150,R,0.4,2019-12-20T23:11:04,2,M_BD+31649_0.4s_b2x2-010_R.fit
151,R,10.0,2019-12-21T03:50:30,2,SA95236_10s_b2x2-001_R.fit
152,V,10.0,2019-12-21T03:50:48,2,SA95236_10s_b2x2-001_V.fit
153,R,10.0,2019-12-21T03:51:01,2,SA95236_10s_b2x2-002_R.fit
154,V,10.0,2019-12-21T03:51:18,2,SA95236_10s_b2x2-002_V.fit
155,R,10.0,2019-12-21T03:51:31,2,SA95236_10s_b2x2-003_R.fit
156,V,10.0,2019-12-21T03:51:49,2,SA95236_10s_b2x2-003_V.fit
157,R,10.0,2019-12-21T03:52:02,2,SA95236_10s_b2x2-004_R.fit
158,V,10.0,2019-12-21T03:52:19,2,SA95236_10s_b2x2-004_V.fit
159,g,10.0,2019-12-21T01:46:21,2,S_SA95236_10s_b2x2-001_g.fit
160,i,10.0,2019-12-21T01:46:57,2,S_SA95236_10s_b2x2-001_i.fit
161,r,10.0,2019-12-21T01:46:39,2,S_SA95236_10s_b2x2-001_r.fit
162,z,10.0,2019-12-21T01:47:15,2,S_SA95236_10s_b2x2-001_z.fit
163,g,10.0,2019-12-21T01:47:30,2,S_SA95236_10s_b2x2-002_g.fit
164,i,10.0,2019-12-21T01:48:05,2,S_SA95236_10s_b2x2-002_i.fit
165,r,10.0,2019-12-21T01:47:47,2,S_SA95236_10s_b2x2-002_r.fit
166,z,10.0,2019-12-21T01:48:23,2,S_SA95236_10s_b2x2-002_z.fit
167,g,10.0,2019-12-21T01:48:38,2,S_SA95236_10s_b2x2-003_g.fit
168,i,10.0,2019-12-21T01:49:13,2,S_SA95236_10s_b2x2-003_i.fit
169,r,10.0,2019-12-21T01:48:56,2,S_SA95236_10s_b2x2-003_r.fit
170,z,10.0,2019-12-21T01:49:31,2,S_SA95236_10s_b2x2-003_z.fit
171,g,10.0,2019-12-21T01:49:46,2,S_SA95236_10s_b2x2-004_g.fit
172,i,10.0,2019-12-21T01:50:21,2,S_SA95236_10s_b2x2-004_i.fit
173,r,10.0,2019-12-21T01:50:04,2,S_SA95236_10s_b2x2-004_r.fit
174,z,10.0,2019-12-21T01:50:39,2,S_SA95236_10s_b2x2-004_z.fit
175,R,10.0,2019-12-21T01:51:35,2,S_SA95236_10s_b2x2-005_R.fit
176,V,10.0,2019-12-21T01:51:53,2,S_SA95236_10s_b2x2-005_V.fit
177,R,10.0,2019-12-21T01:52:06,2,S_SA95236_10s_b2x2-006_R.fit
178,V,10.0,2019-12-21T01:52:24,2,S_SA95236_10s_b2x2-006_V.fit
179,R,10.0,2019-12-21T01:52:37,2,S_SA95236_10s_b2x2-007_R.fit
180,V,10.0,2019-12-21T01:52:55,2,S_SA95236_10s_b2x2-007_V.fit
181,R,10.0,2019-12-21T01:53:08,2,S_SA95236_10s_b2x2-008_R.fit
182,V,10.0,2019-12-21T01:53:25,2,S_SA95236_10s_b2x2-008_V.fit
183,g,10.0,2019-12-21T02:55:18,2,S_SA95236_10s_b2x2-009_g.fit
184,i,10.0,2019-12-21T02:55:53,2,S_SA95236_10s_b2x2-009_i.fit
185,r,10.0,2019-12-21T02:55:36,2,S_SA95236_10s_b2x2-009_r.fit
186,z,10.0,2019-12-21T02:56:11,2,S_SA95236_10s_b2x2-009_z.fit
187,g,10.0,2019-12-21T02:57:57,2,S_SA95236_10s_b2x2-010_g.fit
188,i,10.0,2019-12-21T02:58:32,2,S_SA95236_10s_b2x2-010_i.fit
189,r,10.0,2019-12-21T02:58:15,2,S_SA95236_10s_b2x2-010_r.fit
190,z,10.0,2019-12-21T02:58:50,2,S_SA95236_10s_b2x2-010_z.fit
191,g,10.0,2019-12-21T02:59:05,2,S_SA95236_10s_b2x2-011_g.fit
192,i,10.0,2019-12-21T02:59:40,2,S_SA95236_10s_b2x2-011_i.fit
193,r,10.0,2019-12-21T02:59:22,2,S_SA95236_10s_b2x2-011_r.fit
194,z,10.0,2019-12-21T02:59:57,2,S_SA95236_10s_b2x2-011_z.fit
195,g,10.0,2019-12-21T03:00:12,2,S_SA95236_10s_b2x2-012_g.fit
196,i,10.0,2019-12-21T03:00:47,2,S_SA95236_10s_b2x2-012_i.fit
197,r,10.0,2019-12-21T03:00:30,2,S_SA95236_10s_b2x2-012_r.fit
198,z,10.0,2019-12-21T03:01:05,2,S_SA95236_10s_b2x2-012_z.fit
199,R,10.0,2019-12-21T03:02:32,2,S_SA95236_10s_b2x2-013_R.fit
200,V,10.0,2019-12-21T03:02:50,2,S_SA95236_10s_b2x2-013_V.fit
201,R,10.0,2019-12-21T03:03:03,2,S_SA95236_10s_b2x2-014_R.fit
202,V,10.0,2019-12-21T03:03:20,2,S_SA95236_10s_b2x2-014_V.fit
203,R,10.0,2019-12-21T03:03:33,2,S_SA95236_10s_b2x2-015_R.fit
204,V,10.0,2019-12-21T03:03:51,2,S_SA95236_10s_b2x2-015_V.fit
205,R,10.0,2019-12-21T03:04:04,2,S_SA95236_10s_b2x2-016_R.fit
206,V,10.0,2019-12-21T03:04:21,2,S_SA95236_10s_b2x2-016_V.fit
207,g,10.0,2019-12-21T03:53:37,2,S_SA95236_10s_b2x2-017_g.fit
208,i,10.0,2019-12-21T03:54:12,2,S_SA95236_10s_b2x2-017_i.fit
209,r,10.0,2019-12-21T03:53:54,2,S_SA95236_10s_b2x2-017_r.fit
210,z,10.0,2019-12-21T03:54:29,2,S_SA95236_10s_b2x2-017_z.fit
211,g,10.0,2019-12-21T03:54:44,2,S_SA95236_10s_b2x2-018_g.fit
212,i,10.0,2019-12-21T03:55:19,2,S_SA95236_10s_b2x2-018_i.fit
213,r,10.0,2019-12-21T03:55:02,2,S_SA95236_10s_b2x2-018_r.fit
214,z,10.0,2019-12-21T03:55:37,2,S_SA95236_10s_b2x2-018_z.fit
215,g,10.0,2019-12-21T03:55:52,2,S_SA95236_10s_b2x2-019_g.fit
216,i,10.0,2019-12-21T03:56:27,2,S_SA95236_10s_b2x2-019_i.fit
217,r,10.0,2019-12-21T03:56:10,2,S_SA95236_10s_b2x2-019_r.fit
218,z,10.0,2019-12-21T03:56:45,2,S_SA95236_10s_b2x2-019_z.fit
219,g,10.0,2019-12-21T03:57:00,2,S_SA95236_10s_b2x2-020_g.fit
220,i,10.0,2019-12-21T03:57:35,2,S_SA95236_10s_b2x2-020_i.fit
221,r,10.0,2019-12-21T03:57:17,2,S_SA95236_10s_b2x2-020_r.fit
222,z,10.0,2019-12-21T03:57:53,2,S_SA95236_10s_b2x2-020_z.fit
0,R,240.0,2019-12-22T02:09:34,2,2001WN5_240s_b2x2-001_R.fit
1,V,240.0,2019-12-22T02:13:42,2,2001WN5_240s_b2x2-001_V.fit
2,R,240.0,2019-12-22T02:17:45,2,2001WN5_240s_b2x2-002_R.fit
3,V,240.0,2019-12-22T02:21:52,2,2001WN5_240s_b2x2-002_V.fit
4,R,240.0,2019-12-22T02:25:55,2,2001WN5_240s_b2x2-003_R.fit
5,V,240.0,2019-12-22T02:30:03,2,2001WN5_240s_b2x2-003_V.fit
6,R,240.0,2019-12-22T02:34:06,2,2001WN5_240s_b2x2-004_R.fit
7,V,240.0,2019-12-22T02:38:14,2,2001WN5_240s_b2x2-004_V.fit
8,g,240.0,2019-12-22T06:09:25,2,2017YH_240s_b1x1-001_g.fit
9,R,120.0,2019-12-22T03:17:31,2,22322_120s_b2x2-001_R.fit
10,V,120.0,2019-12-22T03:19:47,2,22322_120s_b2x2-001_V.fit
11,R,120.0,2019-12-22T03:22:01,2,22322_120s_b2x2-002_R.fit
12,V,120.0,2019-12-22T03:24:16,2,22322_120s_b2x2-002_V.fit
13,R,120.0,2019-12-22T03:26:49,2,22322_120s_b2x2-003_R.fit
14,V,120.0,2019-12-22T03:29:05,2,22322_120s_b2x2-003_V.fit
15,R,120.0,2019-12-22T03:31:19,2,22322_120s_b2x2-004_R.fit
16,V,120.0,2019-12-22T03:33:34,2,22322_120s_b2x2-004_V.fit
17,R,120.0,2019-12-22T02:44:39,2,23122_120s_b2x2-001_R.fit
18,V,120.0,2019-12-22T02:46:47,2,23122_120s_b2x2-001_V.fit
19,R,120.0,2019-12-22T02:48:50,2,23122_120s_b2x2-002_R.fit
20,V,120.0,2019-12-22T02:50:57,2,23122_120s_b2x2-002_V.fit
21,R,120.0,2019-12-22T02:53:00,2,23122_120s_b2x2-003_R.fit
22,V,120.0,2019-12-22T02:55:08,2,23122_120s_b2x2-003_V.fit
23,R,120.0,2019-12-22T02:57:11,2,23122_120s_b2x2-004_R.fit
24,V,120.0,2019-12-22T02:59:19,2,23122_120s_b2x2-004_V.fit
25,g,120.0,2019-12-22T04:24:03,1,2IBorisov_120s_b1x1-001_g.fit
26,g,240.0,2019-12-22T04:34:20,1,2IBorisov_240s_b1x1-001_g.fit
27,i,240.0,2019-12-22T04:42:52,1,2IBorisov_240s_b1x1-001_i.fit
28,r,240.0,2019-12-22T04:38:36,1,2IBorisov_240s_b1x1-001_r.fit
29,z,240.0,2019-12-22T04:47:09,1,2IBorisov_240s_b1x1-001_z.fit
30,g,240.0,2019-12-22T04:51:25,1,2IBorisov_240s_b1x1-002_g.fit
31,i,240.0,2019-12-22T04:59:57,1,2IBorisov_240s_b1x1-002_i.fit
32,r,240.0,2019-12-22T04:55:41,1,2IBorisov_240s_b1x1-002_r.fit
33,z,240.0,2019-12-22T05:04:14,1,2IBorisov_240s_b1x1-002_z.fit
34,g,240.0,2019-12-22T05:09:50,1,2IBorisov_240s_b1x1-003_g.fit
35,i,240.0,2019-12-22T05:18:50,1,2IBorisov_240s_b1x1-003_i.fit
36,r,240.0,2019-12-22T05:14:33,1,2IBorisov_240s_b1x1-003_r.fit
37,z,240.0,2019-12-22T05:23:19,1,2IBorisov_240s_b1x1-003_z.fit
38,g,240.0,2019-12-22T05:28:26,1,2IBorisov_240s_b1x1-004_g.fit
39,i,240.0,2019-12-22T05:40:23,1,2IBorisov_240s_b1x1-004_i.fit
40,r,240.0,2019-12-22T05:34:46,1,2IBorisov_240s_b1x1-004_r.fit
41,z,240.0,2019-12-22T05:44:53,1,2IBorisov_240s_b1x1-004_z.fit
42,g,240.0,2019-12-22T05:49:55,1,2IBorisov_240s_b1x1-005_g.fit
43,r,240.0,2019-12-22T06:00:01,1,2IBorisov_240s_b1x1-005_r.fit
44,g,240.0,2019-12-22T05:54:30,1,2IBorisov_240s_b1x1-006_g.fit
45,R,120.0,2019-12-22T03:40:55,2,45444_120s_b2x2-001_R.fit
46,V,120.0,2019-12-22T03:43:03,2,45444_120s_b2x2-001_V.fit
47,R,120.0,2019-12-22T03:45:06,2,45444_120s_b2x2-002_R.fit
48,V,120.0,2019-12-22T03:47:14,2,45444_120s_b2x2-002_V.fit
49,R,120.0,2019-12-22T03:49:17,2,45444_120s_b2x2-003_R.fit
50,V,120.0,2019-12-22T03:51:25,2,45444_120s_b2x2-003_V.fit
51,R,120.0,2019-12-22T03:53:28,2,45444_120s_b2x2-004_R.fit
52,V,120.0,2019-12-22T03:55:36,2,45444_120s_b2x2-004_V.fit
53,g,80.0,2019-12-22T00:44:53,2,728_80s_b2x2-002_g.fit
54,i,80.0,2019-12-22T00:48:03,2,728_80s_b2x2-002_i.fit
55,r,80.0,2019-12-22T00:46:28,2,728_80s_b2x2-002_r.fit
56,z,80.0,2019-12-22T00:49:37,2,728_80s_b2x2-002_z.fit
57,g,80.0,2019-12-22T00:51:12,2,728_80s_b2x2-003_g.fit
58,i,80.0,2019-12-22T00:54:22,2,728_80s_b2x2-003_i.fit
59,r,80.0,2019-12-22T00:52:47,2,728_80s_b2x2-003_r.fit
60,z,80.0,2019-12-22T00:55:57,2,728_80s_b2x2-003_z.fit
61,g,80.0,2019-12-22T00:58:59,2,728_80s_b2x2-004_g.fit
62,i,80.0,2019-12-22T01:02:09,2,728_80s_b2x2-004_i.fit
63,r,80.0,2019-12-22T01:00:34,2,728_80s_b2x2-004_r.fit
64,z,80.0,2019-12-22T01:03:44,2,728_80s_b2x2-004_z.fit
65,g,80.0,2019-12-22T01:05:52,2,728_80s_b2x2-005_g.fit
66,i,80.0,2019-12-22T01:09:02,2,728_80s_b2x2-005_i.fit
67,r,80.0,2019-12-22T01:07:27,2,728_80s_b2x2-005_r.fit
68,z,80.0,2019-12-22T01:10:38,2,728_80s_b2x2-005_z.fit
69,g,80.0,2019-12-22T01:12:12,2,728_80s_b2x2-006_g.fit
70,i,80.0,2019-12-22T01:15:24,2,728_80s_b2x2-006_i.fit
71,r,80.0,2019-12-22T01:13:48,2,728_80s_b2x2-006_r.fit
72,z,80.0,2019-12-22T01:16:58,2,728_80s_b2x2-006_z.fit
73,g,80.0,2019-12-22T01:18:33,2,728_80s_b2x2-007_g.fit
74,i,80.0,2019-12-22T01:21:44,2,728_80s_b2x2-007_i.fit
75,r,80.0,2019-12-22T01:20:08,2,728_80s_b2x2-007_r.fit
76,z,80.0,2019-12-22T01:23:19,2,728_80s_b2x2-007_z.fit
77,g,80.0,2019-12-22T01:24:54,2,728_80s_b2x2-008_g.fit
78,i,80.0,2019-12-22T01:28:04,2,728_80s_b2x2-008_i.fit
79,r,80.0,2019-12-22T01:26:30,2,728_80s_b2x2-008_r.fit
80,z,80.0,2019-12-22T01:29:39,2,728_80s_b2x2-008_z.fit
81,g,80.0,2019-12-22T01:31:11,2,728_80s_b2x2-009_g.fit
82,i,80.0,2019-12-22T01:34:21,2,728_80s_b2x2-009_i.fit
83,r,80.0,2019-12-22T01:32:46,2,728_80s_b2x2-009_r.fit
84,z,80.0,2019-12-22T01:35:57,2,728_80s_b2x2-009_z.fit
85,g,80.0,2019-12-22T01:37:31,2,728_80s_b2x2-010_g.fit
86,i,80.0,2019-12-22T01:40:42,2,728_80s_b2x2-010_i.fit
87,r,80.0,2019-12-22T01:39:06,2,728_80s_b2x2-010_r.fit
88,z,80.0,2019-12-22T01:42:17,2,728_80s_b2x2-010_z.fit
89,g,80.0,2019-12-22T01:46:08,2,728_80s_b2x2-011_g.fit
90,i,80.0,2019-12-22T01:49:18,2,728_80s_b2x2-011_i.fit
91,r,80.0,2019-12-22T01:47:43,2,728_80s_b2x2-011_r.fit
92,z,80.0,2019-12-22T01:50:53,2,728_80s_b2x2-011_z.fit
93,R,0.2,2019-12-22T00:26:04,2,M_BD+31649_0.2s_b2x2-001_R.fit
94,R,0.2,2019-12-22T00:26:06,2,M_BD+31649_0.2s_b2x2-002_R.fit
95,R,0.2,2019-12-22T00:26:07,2,M_BD+31649_0.2s_b2x2-003_R.fit
96,R,0.2,2019-12-22T00:26:09,2,M_BD+31649_0.2s_b2x2-004_R.fit
97,R,0.2,2019-12-22T00:26:11,2,M_BD+31649_0.2s_b2x2-005_R.fit
98,R,0.2,2019-12-22T00:26:12,2,M_BD+31649_0.2s_b2x2-006_R.fit
99,R,0.2,2019-12-22T00:26:14,2,M_BD+31649_0.2s_b2x2-007_R.fit
100,R,0.2,2019-12-22T00:26:15,2,M_BD+31649_0.2s_b2x2-008_R.fit
101,R,0.2,2019-12-22T00:26:17,2,M_BD+31649_0.2s_b2x2-009_R.fit
102,R,0.2,2019-12-22T00:26:18,2,M_BD+31649_0.2s_b2x2-010_R.fit
103,R,10.0,2019-12-22T02:02:34,2,S_SA95236_10s_b2x2-001_R.fit
104,V,10.0,2019-12-22T02:02:58,2,S_SA95236_10s_b2x2-001_V.fit
105,R,10.0,2019-12-22T02:03:24,2,S_SA95236_10s_b2x2-002_R.fit
106,V,10.0,2019-12-22T02:03:49,2,S_SA95236_10s_b2x2-002_V.fit
107,R,10.0,2019-12-22T02:04:14,2,S_SA95236_10s_b2x2-003_R.fit
108,V,10.0,2019-12-22T02:04:40,2,S_SA95236_10s_b2x2-003_V.fit
109,R,10.0,2019-12-22T02:05:04,2,S_SA95236_10s_b2x2-004_R.fit
110,V,10.0,2019-12-22T02:05:29,2,S_SA95236_10s_b2x2-004_V.fit
111,g,10.0,2019-12-22T03:03:56,2,S_SA95236_10s_b2x2-005_g.fit
112,i,10.0,2019-12-22T03:04:45,2,S_SA95236_10s_b2x2-005_i.fit
113,r,10.0,2019-12-22T03:04:20,2,S_SA95236_10s_b2x2-005_r.fit
114,z,10.0,2019-12-22T03:05:09,2,S_SA95236_10s_b2x2-005_z.fit
115,g,10.0,2019-12-22T03:05:34,2,S_SA95236_10s_b2x2-006_g.fit
116,i,10.0,2019-12-22T03:06:24,2,S_SA95236_10s_b2x2-006_i.fit
117,r,10.0,2019-12-22T03:05:59,2,S_SA95236_10s_b2x2-006_r.fit
118,z,10.0,2019-12-22T03:06:48,2,S_SA95236_10s_b2x2-006_z.fit
119,g,10.0,2019-12-22T03:07:13,2,S_SA95236_10s_b2x2-007_g.fit
120,i,10.0,2019-12-22T03:08:01,2,S_SA95236_10s_b2x2-007_i.fit
121,r,10.0,2019-12-22T03:07:37,2,S_SA95236_10s_b2x2-007_r.fit
122,z,10.0,2019-12-22T03:08:26,2,S_SA95236_10s_b2x2-007_z.fit
123,g,10.0,2019-12-22T03:08:50,2,S_SA95236_10s_b2x2-008_g.fit
124,i,10.0,2019-12-22T03:09:40,2,S_SA95236_10s_b2x2-008_i.fit
125,r,10.0,2019-12-22T03:09:15,2,S_SA95236_10s_b2x2-008_r.fit
126,z,10.0,2019-12-22T03:10:04,2,S_SA95236_10s_b2x2-008_z.fit
127,R,10.0,2019-12-22T03:10:57,2,S_SA95236_10s_b2x2-009_R.fit
128,V,10.0,2019-12-22T03:11:22,2,S_SA95236_10s_b2x2-009_V.fit
129,R,10.0,2019-12-22T03:11:46,2,S_SA95236_10s_b2x2-010_R.fit
130,V,10.0,2019-12-22T03:12:11,2,S_SA95236_10s_b2x2-010_V.fit
131,R,10.0,2019-12-22T03:12:36,2,S_SA95236_10s_b2x2-011_R.fit
132,V,10.0,2019-12-22T03:13:00,2,S_SA95236_10s_b2x2-011_V.fit
133,R,10.0,2019-12-22T03:13:25,2,S_SA95236_10s_b2x2-012_R.fit
134,V,10.0,2019-12-22T03:13:49,2,S_SA95236_10s_b2x2-012_V.fit
135,R,10.0,2019-12-22T04:04:36,2,S_SA95236_10s_b2x2-013_R.fit
136,V,10.0,2019-12-22T04:04:54,2,S_SA95236_10s_b2x2-013_V.fit
137,R,10.0,2019-12-22T04:05:07,2,S_SA95236_10s_b2x2-014_R.fit
138,V,10.0,2019-12-22T04:05:25,2,S_SA95236_10s_b2x2-014_V.fit
139,R,10.0,2019-12-22T04:05:38,2,S_SA95236_10s_b2x2-015_R.fit
140,V,10.0,2019-12-22T04:05:56,2,S_SA95236_10s_b2x2-015_V.fit
141,R,10.0,2019-12-22T04:06:09,2,S_SA95236_10s_b2x2-016_R.fit
142,V,10.0,2019-12-22T04:06:26,2,S_SA95236_10s_b2x2-016_V.fit
143,g,10.0,2019-12-22T04:07:20,2,S_SA95236_10s_b2x2-017_g.fit
144,i,10.0,2019-12-22T04:08:09,2,S_SA95236_10s_b2x2-017_i.fit
145,r,10.0,2019-12-22T04:07:44,2,S_SA95236_10s_b2x2-017_r.fit
146,z,10.0,2019-12-22T04:08:34,2,S_SA95236_10s_b2x2-017_z.fit
147,g,10.0,2019-12-22T04:08:59,2,S_SA95236_10s_b2x2-018_g.fit
148,i,10.0,2019-12-22T04:09:48,2,S_SA95236_10s_b2x2-018_i.fit
149,r,10.0,2019-12-22T04:09:23,2,S_SA95236_10s_b2x2-018_r.fit
150,z,10.0,2019-12-22T04:10:13,2,S_SA95236_10s_b2x2-018_z.fit
151,g,10.0,2019-12-22T04:10:38,2,S_SA95236_10s_b2x2-019_g.fit
152,i,10.0,2019-12-22T04:11:27,2,S_SA95236_10s_b2x2-019_i.fit
153,r,10.0,2019-12-22T04:11:02,2,S_SA95236_10s_b2x2-019_r.fit
154,z,10.0,2019-12-22T04:11:52,2,S_SA95236_10s_b2x2-019_z.fit
155,g,10.0,2019-12-22T04:12:15,2,S_SA95236_10s_b2x2-020_g.fit
156,i,10.0,2019-12-22T04:13:05,2,S_SA95236_10s_b2x2-020_i.fit
157,r,10.0,2019-12-22T04:12:40,2,S_SA95236_10s_b2x2-020_r.fit
158,z,10.0,2019-12-22T04:13:30,2,S_SA95236_10s_b2x2-020_z.fit
159,g,10.0,2019-12-22T01:54:56,2,S_SA95236s_b2x2-001_g.fit
160,i,10.0,2019-12-22T01:55:46,2,S_SA95236s_b2x2-001_i.fit
161,r,10.0,2019-12-22T01:55:22,2,S_SA95236s_b2x2-001_r.fit
162,z,10.0,2019-12-22T01:56:12,2,S_SA95236s_b2x2-001_z.fit
163,g,10.0,2019-12-22T01:56:36,2,S_SA95236s_b2x2-002_g.fit
164,i,10.0,2019-12-22T01:57:27,2,S_SA95236s_b2x2-002_i.fit
165,r,10.0,2019-12-22T01:57:01,2,S_SA95236s_b2x2-002_r.fit
166,z,10.0,2019-12-22T01:57:53,2,S_SA95236s_b2x2-002_z.fit
167,g,10.0,2019-12-22T01:58:17,2,S_SA95236s_b2x2-003_g.fit
168,i,10.0,2019-12-22T01:59:08,2,S_SA95236s_b2x2-003_i.fit
169,r,10.0,2019-12-22T01:58:42,2,S_SA95236s_b2x2-003_r.fit
170,z,10.0,2019-12-22T01:59:32,2,S_SA95236s_b2x2-003_z.fit
171,g,10.0,2019-12-22T01:59:57,2,S_SA95236s_b2x2-004_g.fit
172,i,10.0,2019-12-22T02:00:48,2,S_SA95236s_b2x2-004_i.fit
173,r,10.0,2019-12-22T02:00:23,2,S_SA95236s_b2x2-004_r.fit
174,z,10.0,2019-12-22T02:01:12,2,S_SA95236s_b2x2-004_z.fit
